Lat,Long,Alt
38.8352609,-77.5061813,57.15
38.8352609,-77.5061814,57.12
38.8352609,-77.5061814,57.13
38.8352609,-77.5061814,57.1
38.835261,-77.5061815,57.08
38.835261,-77.5061815,57.07
38.835261,-77.5061815,57.05
38.835261,-77.5061814,57.04
38.8352609,-77.5061813,57.05
38.8352609,-77.5061813,57.03
38.8352609,-77.5061813,57.03
38.8352609,-77.5061813,57.01
38.8352609,-77.5061813,57
38.8352609,-77.5061814,56.98
38.8352608,-77.5061813,56.95
38.8352607,-77.5061812,56.93
38.8352607,-77.5061812,56.91
38.8352607,-77.5061813,56.89
38.8352607,-77.5061813,56.87
38.8352607,-77.5061813,56.84
38.8352607,-77.5061814,56.83
38.8352606,-77.5061814,56.81
38.8352606,-77.5061814,56.79
38.8352606,-77.5061815,56.77
38.8352606,-77.5061814,56.76
38.8352606,-77.5061815,56.74
38.8352606,-77.5061816,56.72
38.8352607,-77.5061816,56.71
38.8352606,-77.5061816,56.71
38.8352606,-77.5061816,56.7
38.8352605,-77.5061816,56.69
38.8352605,-77.5061817,56.69
38.8352605,-77.5061817,56.68
38.8352606,-77.5061818,56.69
38.8352606,-77.5061818,56.68
38.8352605,-77.5061818,56.67
38.8352605,-77.5061818,56.66
38.8352605,-77.5061819,56.64
38.8352605,-77.5061819,56.62
38.8352606,-77.5061819,56.63
38.8352606,-77.5061819,56.61
38.8352607,-77.5061819,56.61
38.8352606,-77.5061819,56.59
38.8352606,-77.5061818,56.56
38.8352607,-77.5061818,56.54
38.8352608,-77.5061818,56.51
38.8352608,-77.5061819,56.5
38.8352608,-77.5061819,56.5
38.8352607,-77.506182,56.49
38.8352607,-77.5061819,56.46
38.8352608,-77.5061819,56.45
38.8352608,-77.5061819,56.43
38.8352608,-77.5061819,56.41
38.8352609,-77.5061819,56.41
38.835261,-77.5061819,56.39
38.835261,-77.506182,56.37
38.8352611,-77.5061821,56.35
38.8352613,-77.5061822,56.32
38.8352613,-77.5061822,56.31
38.8352614,-77.5061822,56.28
38.8352614,-77.5061821,56.26
38.8352614,-77.5061821,56.25
38.8352614,-77.5061822,56.23
38.8352614,-77.5061822,56.22
38.8352615,-77.5061822,56.2
38.8352615,-77.5061822,56.18
38.8352615,-77.5061823,56.17
38.8352615,-77.5061824,56.18
38.8352615,-77.5061825,56.18
38.8352615,-77.5061825,56.18
38.8352615,-77.5061825,56.16
38.8352615,-77.5061826,56.15
38.8352616,-77.5061826,56.15
38.8352615,-77.5061826,56.16
38.8352615,-77.5061825,56.16
38.8352616,-77.5061825,56.12
38.8352616,-77.5061824,56.11
38.8352616,-77.5061825,56.11
38.8352617,-77.5061825,56.11
38.8352618,-77.5061825,56.09
38.8352617,-77.5061826,56.1
38.8352617,-77.5061826,56.11
38.8352617,-77.5061826,56.09
38.8352617,-77.5061826,56.08
38.8352617,-77.5061827,56.09
38.8352616,-77.506183,56.12
38.8352616,-77.5061834,56.17
38.8352615,-77.5061838,56.29
38.8352614,-77.506184,56.36
38.8352611,-77.5061838,56.49
38.835261,-77.5061832,56.54
38.8352608,-77.5061822,56.66
38.8352606,-77.5061807,56.76
38.8352607,-77.5061786,56.82
38.8352611,-77.5061761,56.87
38.8352619,-77.5061733,56.89
38.835263,-77.5061701,56.9
38.8352644,-77.5061666,56.89
38.835266,-77.506163,56.86
38.8352676,-77.5061591,56.8
38.8352691,-77.5061549,56.78
38.8352706,-77.5061505,56.78
38.835272,-77.5061461,56.79
38.8352733,-77.5061417,56.83
38.8352746,-77.5061374,56.92
38.8352758,-77.506133,56.98
38.8352768,-77.5061284,57.03
38.8352776,-77.5061235,57.14
38.8352785,-77.5061182,57.2
38.8352794,-77.5061128,57.25
38.8352804,-77.5061072,57.28
38.8352816,-77.5061015,57.29
38.8352831,-77.506096,57.29
38.8352847,-77.5060905,57.31
38.8352864,-77.506085,57.3
38.8352881,-77.5060794,57.31
38.8352897,-77.5060736,57.3
38.8352911,-77.5060676,57.27
38.8352923,-77.5060616,57.26
38.8352933,-77.5060555,57.23
38.8352942,-77.5060495,57.25
38.8352952,-77.5060436,57.31
38.8352962,-77.5060378,57.39
38.8352971,-77.5060322,57.51
38.8352979,-77.5060266,57.68
38.835299,-77.5060211,57.85
38.8353002,-77.5060158,57.99
38.8353014,-77.5060107,58.18
38.8353025,-77.5060055,58.38
38.8353034,-77.506,58.6
38.8353043,-77.5059944,58.78
38.8353055,-77.5059886,58.96
38.8353068,-77.5059825,59.15
38.835308,-77.5059762,59.39
38.8353092,-77.5059699,59.61
38.8353105,-77.5059637,59.86
38.8353119,-77.5059575,60.08
38.8353134,-77.5059513,60.31
38.8353149,-77.5059449,60.52
38.8353162,-77.5059382,60.74
38.8353172,-77.5059314,60.97
38.8353181,-77.5059244,61.18
38.8353188,-77.505917,61.44
38.8353193,-77.5059091,61.67
38.8353198,-77.505901,61.9
38.8353205,-77.5058928,62.15
38.8353215,-77.5058847,62.45
38.8353229,-77.5058769,62.67
38.8353245,-77.5058695,62.91
38.8353263,-77.5058623,63.15
38.8353283,-77.5058554,63.36
38.8353306,-77.5058487,63.63
38.8353331,-77.5058424,63.89
38.8353361,-77.5058364,64.14
38.8353395,-77.5058306,64.35
38.8353434,-77.5058251,64.57
38.8353477,-77.5058199,64.77
38.8353523,-77.5058151,64.97
38.8353571,-77.5058107,65.18
38.8353625,-77.5058067,65.39
38.8353684,-77.5058031,65.63
38.8353749,-77.5057996,65.92
38.8353817,-77.5057963,66.12
38.8353888,-77.5057929,66.36
38.835396,-77.5057896,66.57
38.8354033,-77.5057862,66.76
38.8354103,-77.5057825,67.01
38.8354172,-77.5057784,67.21
38.835424,-77.5057741,67.41
38.8354307,-77.5057695,67.6
38.8354374,-77.5057649,67.8
38.835444,-77.50576,68.01
38.8354503,-77.5057547,68.22
38.8354565,-77.5057492,68.41
38.8354626,-77.505743,68.61
38.8354685,-77.5057362,68.83
38.8354742,-77.5057287,69.04
38.8354796,-77.5057208,69.24
38.8354847,-77.5057125,69.43
38.8354896,-77.5057039,69.65
38.8354942,-77.5056952,69.87
38.8354987,-77.5056868,70.11
38.8355034,-77.5056786,70.32
38.8355083,-77.5056702,70.56
38.8355133,-77.5056619,70.76
38.8355185,-77.5056538,70.96
38.8355236,-77.505646,71.18
38.8355286,-77.5056383,71.41
38.8355335,-77.5056309,71.62
38.8355384,-77.5056236,71.84
38.8355432,-77.5056163,72.07
38.8355479,-77.5056087,72.27
38.835552,-77.5056008,72.5
38.8355558,-77.5055925,72.72
38.8355589,-77.5055834,72.95
38.8355615,-77.5055737,73.15
38.8355637,-77.5055637,73.39
38.835566,-77.5055539,73.6
38.8355683,-77.505544,73.84
38.8355708,-77.5055344,74.06
38.8355737,-77.5055254,74.25
38.8355771,-77.5055167,74.48
38.8355813,-77.5055085,74.67
38.8355868,-77.5055009,74.88
38.8355935,-77.5054939,75.12
38.8356012,-77.5054875,75.33
38.8356096,-77.5054819,75.54
38.8356181,-77.5054765,75.77
38.8356266,-77.5054714,75.95
38.8356349,-77.5054668,76.18
38.8356428,-77.5054627,76.42
38.8356505,-77.5054594,76.61
38.8356578,-77.5054569,76.78
38.8356649,-77.5054553,76.97
38.8356721,-77.5054544,77.18
38.8356794,-77.5054538,77.36
38.8356868,-77.5054535,77.58
38.8356942,-77.5054536,77.77
38.8357017,-77.5054542,77.92
38.8357087,-77.5054552,78.13
38.8357153,-77.5054566,78.32
38.8357217,-77.5054584,78.45
38.8357277,-77.5054609,78.62
38.8357332,-77.5054643,78.82
38.8357381,-77.5054683,78.98
38.8357424,-77.5054732,79.18
38.8357463,-77.5054787,79.36
38.8357503,-77.5054848,79.55
38.8357544,-77.5054912,79.77
38.8357587,-77.5054975,79.99
38.8357631,-77.5055042,80.17
38.8357675,-77.5055114,80.42
38.835772,-77.505519,80.62
38.8357766,-77.5055272,80.77
38.8357813,-77.5055362,80.9
38.8357861,-77.5055457,81.1
38.8357911,-77.5055558,81.31
38.8357961,-77.5055662,81.5
38.8358008,-77.5055766,81.69
38.8358052,-77.5055869,81.87
38.8358091,-77.5055974,82.05
38.8358125,-77.5056078,82.18
38.8358153,-77.505618,82.36
38.8358179,-77.5056279,82.54
38.8358207,-77.5056375,82.68
38.8358235,-77.5056466,82.82
38.8358264,-77.5056551,82.99
38.8358295,-77.5056629,83.16
38.8358328,-77.5056702,83.23
38.8358363,-77.5056769,83.31
38.8358399,-77.5056834,83.34
38.8358437,-77.5056895,83.38
38.8358478,-77.5056951,83.37
38.8358519,-77.5057003,83.39
38.8358562,-77.5057051,83.39
38.8358607,-77.5057093,83.39
38.8358652,-77.505713,83.37
38.8358698,-77.5057162,83.37
38.8358747,-77.5057191,83.34
38.8358798,-77.5057218,83.31
38.8358851,-77.5057241,83.31
38.8358909,-77.5057263,83.29
38.8358971,-77.5057281,83.27
38.8359038,-77.5057295,83.26
38.8359111,-77.5057302,83.27
38.8359186,-77.5057307,83.26
38.835926,-77.5057313,83.26
38.8359328,-77.5057324,83.3
38.8359392,-77.5057344,83.32
38.8359449,-77.5057371,83.36
38.8359501,-77.5057407,83.39
38.8359547,-77.5057449,83.47
38.8359588,-77.5057498,83.48
38.8359626,-77.5057556,83.54
38.8359659,-77.5057621,83.58
38.8359687,-77.5057693,83.62
38.8359711,-77.5057771,83.68
38.8359733,-77.5057857,83.73
38.8359751,-77.5057949,83.75
38.8359766,-77.5058047,83.73
38.8359777,-77.505815,83.78
38.8359787,-77.5058258,83.81
38.8359794,-77.5058372,83.83
38.8359799,-77.5058491,83.82
38.8359802,-77.5058615,83.81
38.8359802,-77.5058744,83.79
38.8359802,-77.5058878,83.78
38.83598,-77.5059015,83.75
38.8359797,-77.5059155,83.7
38.8359793,-77.5059298,83.69
38.8359788,-77.5059447,83.65
38.835978,-77.5059601,83.6
38.8359771,-77.5059759,83.54
38.8359759,-77.5059921,83.47
38.8359746,-77.5060087,83.39
38.8359731,-77.5060257,83.36
38.8359714,-77.5060428,83.37
38.8359698,-77.5060602,83.36
38.8359682,-77.5060779,83.33
38.8359666,-77.506096,83.28
38.8359647,-77.5061144,83.24
38.8359627,-77.5061333,83.18
38.8359604,-77.5061526,83.14
38.8359578,-77.5061719,83.1
38.835955,-77.5061909,83.04
38.8359523,-77.5062094,83.03
38.8359499,-77.5062272,82.95
38.835948,-77.5062444,82.84
38.8359465,-77.506261,82.73
38.8359452,-77.5062775,82.53
38.835944,-77.5062935,82.37
38.8359433,-77.506309,82.24
38.8359434,-77.506324,82.14
38.835944,-77.5063386,82.03
38.8359453,-77.5063527,81.91
38.8359473,-77.5063663,81.83
38.8359501,-77.5063794,81.77
38.8359538,-77.5063921,81.71
38.835958,-77.5064042,81.67
38.8359625,-77.5064154,81.66
38.8359668,-77.5064257,81.61
38.8359705,-77.5064346,81.57
38.8359733,-77.5064414,81.58
38.835975,-77.5064458,81.6
38.8359758,-77.5064476,81.65
38.835976,-77.506447,81.68
38.8359759,-77.5064442,81.72
38.8359755,-77.5064394,81.81
38.835975,-77.5064332,81.86
38.8359742,-77.5064261,81.9
38.835973,-77.5064182,82
38.8359712,-77.5064097,82.08
38.8359685,-77.5064009,82.17
38.8359653,-77.5063914,82.32
38.8359615,-77.5063814,82.44
38.8359571,-77.5063708,82.55
38.8359523,-77.5063594,82.71
38.835947,-77.5063472,82.85
38.8359413,-77.5063344,83.01
38.8359352,-77.5063209,83.15
38.8359287,-77.5063061,83.33
38.8359217,-77.5062901,83.48
38.8359143,-77.5062732,83.64
38.8359066,-77.5062552,83.82
38.8358983,-77.5062365,83.99
38.8358895,-77.5062177,84.14
38.8358803,-77.5061987,84.31
38.835871,-77.5061797,84.55
38.8358618,-77.5061611,84.78
38.8358529,-77.5061428,85.03
38.8358446,-77.5061249,85.26
38.8358368,-77.5061072,85.51
38.8358297,-77.5060902,85.71
38.8358233,-77.5060736,85.89
38.8358172,-77.506057,86.08
38.8358114,-77.5060407,86.24
38.8358061,-77.5060247,86.34
38.8358012,-77.506009,86.46
38.8357967,-77.5059936,86.53
38.8357928,-77.5059783,86.65
38.8357892,-77.5059632,86.72
38.835786,-77.505948,86.79
38.8357832,-77.5059329,86.82
38.8357806,-77.505918,86.85
38.8357784,-77.5059031,86.88
38.8357767,-77.505888,86.94
38.8357756,-77.5058728,86.91
38.835775,-77.5058575,86.91
38.8357748,-77.505842,86.87
38.8357751,-77.5058264,86.85
38.8357757,-77.5058108,86.79
38.8357765,-77.5057952,86.76
38.8357775,-77.5057797,86.71
38.8357787,-77.5057646,86.65
38.83578,-77.5057499,86.58
38.8357816,-77.5057359,86.48
38.8357832,-77.5057223,86.36
38.8357848,-77.505709,86.27
38.8357866,-77.5056958,86.16
38.8357886,-77.5056829,86.08
38.8357907,-77.5056702,86.04
38.8357934,-77.5056578,85.95
38.8357964,-77.5056455,85.87
38.8357995,-77.5056334,85.78
38.8358029,-77.5056217,85.67
38.8358069,-77.5056109,85.6
38.8358115,-77.5056021,85.52
38.8358161,-77.5055963,85.36
38.8358198,-77.5055929,85.27
38.8358216,-77.5055906,85.24
38.8358219,-77.5055887,85.21
38.8358211,-77.5055866,85.23
38.8358203,-77.5055844,85.22
38.8358198,-77.5055825,85.2
38.8358196,-77.5055813,85.17
38.8358195,-77.5055805,85.1
38.835819,-77.5055801,85.08
38.8358182,-77.5055802,85.03
38.835817,-77.5055807,84.97
38.8358159,-77.5055818,84.9
38.835815,-77.5055833,84.85
38.8358143,-77.5055851,84.79
38.8358137,-77.5055871,84.7
38.8358131,-77.5055893,84.63
38.8358124,-77.5055915,84.54
38.8358115,-77.5055937,84.43
38.8358105,-77.5055958,84.33
38.8358095,-77.5055978,84.27
38.8358085,-77.5055998,84.23
38.8358077,-77.505602,84.18
38.8358073,-77.5056042,84.16
38.8358068,-77.5056065,84.11
38.835806,-77.5056086,84.1
38.8358048,-77.5056106,84.09
38.8358034,-77.5056126,84.05
38.8358017,-77.5056143,84.06
38.8358001,-77.5056158,84.07
38.8357986,-77.5056172,84.05
38.8357972,-77.5056188,84.03
38.8357959,-77.5056204,84
38.8357946,-77.5056221,83.97
38.8357935,-77.5056239,83.96
38.8357927,-77.505626,83.95
38.8357919,-77.5056281,83.9
38.835791,-77.5056304,83.89
38.8357901,-77.5056326,83.91
38.8357892,-77.5056347,83.93
38.8357883,-77.5056365,83.91
38.8357874,-77.5056382,83.9
38.8357864,-77.5056396,83.92
38.8357853,-77.5056409,83.93
38.8357843,-77.5056421,83.96
38.8357836,-77.5056431,83.97
38.835783,-77.5056441,84.02
38.8357827,-77.5056449,84.02
38.8357825,-77.5056457,84.01
38.8357822,-77.5056464,84.04
38.8357818,-77.5056473,84.03
38.8357811,-77.5056483,84
38.8357802,-77.5056497,84.01
38.8357791,-77.5056514,84.03
38.8357781,-77.5056531,84.06
38.8357773,-77.5056544,84.14
38.8357766,-77.505655,84.17
38.8357759,-77.5056551,84.2
38.835775,-77.505655,84.22
38.8357741,-77.5056548,84.26
38.8357731,-77.5056549,84.29
38.8357724,-77.5056558,84.3
38.8357718,-77.505657,84.29
38.8357711,-77.5056583,84.3
38.8357704,-77.5056595,84.3
38.8357696,-77.5056607,84.31
38.8357689,-77.5056617,84.32
38.8357682,-77.5056626,84.31
38.8357675,-77.5056635,84.3
38.835767,-77.5056643,84.3
38.8357665,-77.5056651,84.3
38.8357661,-77.505666,84.27
38.8357658,-77.5056668,84.27
38.8357655,-77.5056678,84.26
38.8357652,-77.5056686,84.25
38.8357648,-77.5056693,84.23
38.835764,-77.5056698,84.21
38.835763,-77.5056701,84.19
38.835762,-77.5056704,84.17
38.835761,-77.5056707,84.16
38.8357602,-77.5056711,84.11
38.8357594,-77.5056716,84.05
38.8357584,-77.5056723,84
38.8357573,-77.5056727,83.96
38.8357561,-77.5056734,83.9
38.835755,-77.505674,83.85
38.8357541,-77.5056746,83.81
38.8357533,-77.5056749,83.76
38.8357528,-77.5056751,83.72
38.8357523,-77.5056755,83.7
38.8357519,-77.5056759,83.65
38.8357516,-77.5056764,83.6
38.8357512,-77.5056767,83.57
38.8357508,-77.5056772,83.55
38.8357504,-77.5056777,83.54
38.8357501,-77.5056783,83.55
38.8357498,-77.505679,83.54
38.8357497,-77.5056798,83.55
38.8357494,-77.5056806,83.57
38.8357491,-77.5056813,83.59
38.8357486,-77.505682,83.66
38.8357482,-77.5056826,83.71
38.8357477,-77.5056831,83.76
38.8357472,-77.5056834,83.8
38.8357467,-77.5056837,83.83
38.8357462,-77.5056839,83.87
38.8357455,-77.5056842,83.88
38.8357448,-77.5056846,83.93
38.8357441,-77.5056853,83.97
38.8357433,-77.5056863,83.99
38.8357425,-77.5056874,84.05
38.8357417,-77.5056883,84.08
38.8357409,-77.505689,84.12
38.8357403,-77.5056895,84.15
38.8357398,-77.5056899,84.2
38.8357392,-77.5056903,84.24
38.8357388,-77.5056906,84.28
38.8357383,-77.505691,84.34
38.8357376,-77.5056917,84.37
38.8357367,-77.5056925,84.4
38.8357357,-77.5056933,84.49
38.8357346,-77.5056942,84.53
38.8357336,-77.5056949,84.6
38.835733,-77.5056955,84.63
38.8357325,-77.5056962,84.68
38.8357321,-77.505697,84.7
38.8357317,-77.5056979,84.71
38.8357311,-77.5056988,84.75
38.8357305,-77.5056997,84.8
38.83573,-77.5057005,84.85
38.8357297,-77.5057015,84.87
38.8357295,-77.5057023,84.89
38.8357293,-77.5057033,84.85
38.8357289,-77.5057043,84.86
38.8357282,-77.5057055,84.85
38.8357272,-77.5057068,84.85
38.8357263,-77.5057078,84.86
38.8357255,-77.5057085,84.84
38.8357249,-77.5057087,84.87
38.8357241,-77.5057086,84.88
38.8357233,-77.5057085,84.89
38.8357224,-77.5057087,84.89
38.8357214,-77.5057092,84.88
38.8357206,-77.5057096,84.88
38.8357199,-77.50571,84.88
38.8357192,-77.5057101,84.88
38.8357186,-77.5057102,84.86
38.835718,-77.5057103,84.84
38.8357175,-77.5057107,84.79
38.8357168,-77.5057113,84.73
38.8357161,-77.505712,84.66
38.8357155,-77.5057127,84.62
38.8357149,-77.5057133,84.57
38.8357143,-77.5057138,84.52
38.8357137,-77.5057141,84.48
38.835713,-77.5057145,84.44
38.8357124,-77.505715,84.39
38.8357118,-77.5057158,84.36
38.8357111,-77.5057168,84.31
38.8357105,-77.5057181,84.23
38.83571,-77.5057194,84.2
38.8357094,-77.5057207,84.19
38.8357089,-77.5057218,84.19
38.8357086,-77.5057226,84.19
38.8357083,-77.5057234,84.17
38.835708,-77.5057242,84.16
38.8357075,-77.5057249,84.12
38.8357069,-77.5057257,84.12
38.8357061,-77.5057265,84.14
38.8357052,-77.505727,84.12
38.8357039,-77.5057271,84.11
38.8357024,-77.5057272,84.1
38.8357009,-77.5057272,84.09
38.8356995,-77.5057277,84.08
38.8356986,-77.5057285,84.09
38.8356982,-77.5057293,84.12
38.8356981,-77.5057298,84.14
38.8356981,-77.5057302,84.16
38.8356979,-77.5057306,84.15
38.8356975,-77.5057314,84.17
38.835697,-77.5057327,84.16
38.8356965,-77.5057344,84.19
38.8356961,-77.5057361,84.22
38.8356956,-77.5057371,84.24
38.8356949,-77.5057375,84.29
38.8356942,-77.5057377,84.31
38.8356936,-77.5057382,84.33
38.8356933,-77.5057392,84.36
38.8356932,-77.5057406,84.36
38.835693,-77.5057418,84.37
38.8356926,-77.5057421,84.39
38.8356919,-77.5057418,84.42
38.8356911,-77.5057414,84.41
38.8356903,-77.5057412,84.41
38.8356894,-77.5057412,84.44
38.8356886,-77.5057414,84.45
38.8356879,-77.5057417,84.46
38.8356872,-77.505742,84.47
38.8356863,-77.5057423,84.44
38.835685,-77.5057428,84.43
38.8356837,-77.5057436,84.44
38.8356823,-77.5057446,84.47
38.8356812,-77.5057458,84.46
38.8356804,-77.505747,84.43
38.8356799,-77.5057478,84.42
38.8356796,-77.5057483,84.4
38.8356794,-77.5057486,84.44
38.8356792,-77.5057491,84.44
38.8356791,-77.5057498,84.45
38.8356789,-77.505751,84.46
38.8356786,-77.5057521,84.46
38.8356784,-77.5057529,84.46
38.8356782,-77.5057535,84.45
38.8356781,-77.5057537,84.43
38.8356781,-77.5057538,84.39
38.835678,-77.505754,84.35
38.8356775,-77.5057542,84.32
38.8356768,-77.5057547,84.27
38.8356759,-77.5057553,84.23
38.835675,-77.5057562,84.19
38.8356742,-77.505757,84.16
38.8356733,-77.5057578,84.14
38.8356723,-77.5057585,84.11
38.8356714,-77.505759,84.07
38.8356704,-77.5057597,84.05
38.8356695,-77.5057604,84.07
38.8356688,-77.5057612,84.07
38.8356681,-77.5057617,84.1
38.8356674,-77.505762,84.1
38.8356669,-77.5057621,84.09
38.8356665,-77.5057623,84.09
38.8356662,-77.5057628,84.09
38.8356658,-77.5057633,84.11
38.8356651,-77.5057636,84.11
38.8356645,-77.5057639,84.13
38.8356639,-77.5057641,84.17
38.8356635,-77.5057644,84.18
38.8356633,-77.5057649,84.19
38.8356632,-77.5057657,84.2
38.8356631,-77.5057666,84.22
38.8356628,-77.5057673,84.25
38.8356624,-77.5057679,84.27
38.8356619,-77.5057687,84.26
38.8356614,-77.5057693,84.27
38.8356608,-77.5057699,84.27
38.8356601,-77.5057706,84.29
38.8356594,-77.5057713,84.3
38.8356588,-77.5057718,84.32
38.8356581,-77.5057723,84.32
38.8356574,-77.5057727,84.32
38.8356567,-77.5057733,84.32
38.835656,-77.5057741,84.36
38.8356553,-77.5057752,84.38
38.8356547,-77.5057767,84.37
38.835654,-77.5057784,84.34
38.8356531,-77.50578,84.36
38.8356522,-77.5057812,84.35
38.8356514,-77.5057822,84.32
38.8356505,-77.5057832,84.29
38.8356496,-77.5057841,84.24
38.8356485,-77.505785,84.2
38.8356476,-77.5057858,84.14
38.835647,-77.5057865,84.06
38.8356464,-77.5057867,83.96
38.8356461,-77.5057865,83.86
38.8356459,-77.505786,83.79
38.8356457,-77.5057856,83.67
38.8356454,-77.5057854,83.56
38.8356449,-77.5057853,83.48
38.8356444,-77.5057859,83.37
38.8356439,-77.5057868,83.28
38.8356432,-77.5057879,83.24
38.8356426,-77.5057888,83.21
38.835642,-77.5057893,83.21
38.8356415,-77.5057895,83.2
38.8356409,-77.5057894,83.2
38.8356402,-77.5057894,83.19
38.8356393,-77.5057895,83.22
38.8356383,-77.5057898,83.21
38.8356375,-77.5057901,83.23
38.8356371,-77.5057906,83.25
38.8356371,-77.5057915,83.26
38.8356375,-77.5057926,83.26
38.8356378,-77.5057939,83.25
38.835638,-77.5057952,83.21
38.8356377,-77.5057965,83.22
38.8356371,-77.5057976,83.21
38.8356363,-77.5057984,83.27
38.8356355,-77.5057989,83.27
38.8356347,-77.5057993,83.29
38.8356338,-77.5057996,83.28
38.8356328,-77.5057998,83.3
38.8356319,-77.5057998,83.32
38.8356313,-77.5057998,83.33
38.8356308,-77.5057997,83.35
38.8356303,-77.5057996,83.36
38.8356298,-77.5057998,83.37
38.8356293,-77.5058003,83.37
38.8356286,-77.5058012,83.4
38.8356279,-77.5058021,83.41
38.8356274,-77.505803,83.45
38.8356269,-77.5058037,83.49
38.8356266,-77.5058046,83.47
38.8356265,-77.5058056,83.47
38.8356263,-77.5058067,83.48
38.835626,-77.505808,83.5
38.8356255,-77.5058093,83.5
38.835625,-77.5058107,83.5
38.8356244,-77.505812,83.51
38.8356238,-77.5058128,83.53
38.8356231,-77.5058133,83.55
38.8356224,-77.5058136,83.51
38.8356215,-77.5058137,83.51
38.8356205,-77.505814,83.5
38.8356197,-77.5058145,83.5
38.835619,-77.505815,83.52
38.8356185,-77.5058156,83.54
38.8356181,-77.5058162,83.56
38.8356177,-77.5058168,83.56
38.8356172,-77.5058173,83.58
38.8356166,-77.5058179,83.6
38.8356159,-77.5058186,83.63
38.8356152,-77.5058193,83.68
38.8356145,-77.50582,83.75
38.8356139,-77.5058205,83.8
38.8356132,-77.5058205,83.84
38.8356124,-77.50582,83.87
38.8356116,-77.5058197,83.87
38.8356106,-77.5058196,83.9
38.8356098,-77.5058199,83.95
38.8356092,-77.5058209,84
38.835609,-77.5058222,84.04
38.8356088,-77.5058236,84.07
38.8356085,-77.5058247,84.09
38.8356078,-77.5058253,84.14
38.8356071,-77.5058259,84.16
38.8356064,-77.5058266,84.21
38.8356057,-77.5058276,84.22
38.8356051,-77.5058288,84.25
38.8356047,-77.50583,84.28
38.835604,-77.5058307,84.33
38.8356032,-77.505831,84.37
38.8356024,-77.5058312,84.38
38.8356016,-77.5058316,84.4
38.8356008,-77.5058321,84.41
38.8356,-77.5058327,84.44
38.8355992,-77.5058334,84.45
38.8355983,-77.5058339,84.44
38.8355976,-77.5058343,84.44
38.8355968,-77.5058349,84.44
38.8355962,-77.5058357,84.41
38.8355956,-77.5058364,84.39
38.8355951,-77.5058373,84.35
38.8355945,-77.5058381,84.34
38.8355938,-77.5058388,84.34
38.8355932,-77.5058394,84.33
38.8355927,-77.50584,84.3
38.8355921,-77.5058406,84.29
38.8355917,-77.5058412,84.26
38.8355913,-77.5058419,84.24
38.8355908,-77.5058427,84.22
38.8355902,-77.5058434,84.18
38.8355895,-77.5058441,84.14
38.8355886,-77.5058446,84.11
38.8355876,-77.5058452,84.09
38.8355867,-77.5058459,84.04
38.8355859,-77.5058467,83.99
38.8355851,-77.5058477,83.94
38.8355844,-77.5058487,83.9
38.8355837,-77.5058498,83.88
38.835583,-77.5058507,83.86
38.8355824,-77.5058514,83.82
38.8355817,-77.5058519,83.79
38.8355811,-77.5058525,83.74
38.8355805,-77.5058532,83.71
38.8355802,-77.5058541,83.68
38.8355798,-77.505855,83.65
38.8355793,-77.5058563,83.61
38.8355787,-77.5058577,83.58
38.835578,-77.5058591,83.56
38.8355773,-77.5058604,83.51
38.8355765,-77.5058617,83.48
38.8355755,-77.5058629,83.44
38.8355745,-77.5058637,83.44
38.8355737,-77.5058639,83.42
38.835573,-77.5058637,83.38
38.8355723,-77.5058632,83.31
38.8355713,-77.5058629,83.27
38.8355701,-77.5058627,83.23
38.8355691,-77.5058625,83.17
38.8355683,-77.5058622,83.14
38.8355678,-77.5058621,83.11
38.8355675,-77.5058623,83.1
38.8355675,-77.5058627,83.09
38.8355676,-77.5058633,83.06
38.8355674,-77.5058641,83.04
38.8355672,-77.505865,83.02
38.8355667,-77.5058665,82.97
38.8355661,-77.5058684,82.95
38.8355655,-77.5058706,82.92
38.8355649,-77.5058726,82.9
38.8355642,-77.5058742,82.88
38.8355635,-77.5058749,82.86
38.8355627,-77.505875,82.87
38.8355621,-77.5058749,82.84
38.8355617,-77.505875,82.81
38.8355611,-77.5058751,82.76
38.8355604,-77.5058751,82.76
38.8355595,-77.5058752,82.74
38.8355586,-77.5058753,82.71
38.8355579,-77.5058754,82.68
38.8355572,-77.5058759,82.65
38.8355567,-77.5058768,82.62
38.8355562,-77.5058777,82.6
38.8355556,-77.5058784,82.59
38.8355551,-77.5058788,82.61
38.8355546,-77.5058791,82.6
38.835554,-77.5058793,82.61
38.8355535,-77.5058798,82.61
38.835553,-77.5058805,82.63
38.8355524,-77.5058814,82.62
38.8355517,-77.5058822,82.62
38.8355511,-77.505883,82.63
38.8355504,-77.5058839,82.62
38.8355498,-77.5058846,82.63
38.8355491,-77.5058855,82.63
38.8355485,-77.5058863,82.62
38.8355478,-77.5058871,82.62
38.8355471,-77.5058878,82.62
38.8355464,-77.5058885,82.62
38.8355457,-77.5058892,82.62
38.8355451,-77.5058898,82.64
38.8355445,-77.5058903,82.64
38.8355441,-77.5058908,82.63
38.8355438,-77.5058914,82.63
38.8355435,-77.505892,82.64
38.8355432,-77.5058926,82.65
38.8355428,-77.5058929,82.68
38.8355422,-77.5058932,82.68
38.8355416,-77.5058933,82.7
38.8355409,-77.5058938,82.72
38.8355402,-77.5058945,82.76
38.8355394,-77.5058953,82.8
38.8355388,-77.5058965,82.8
38.8355381,-77.5058974,82.83
38.8355374,-77.5058978,82.84
38.8355367,-77.5058981,82.84
38.8355362,-77.5058984,82.85
38.8355356,-77.5058989,82.86
38.8355351,-77.5058996,82.88
38.8355344,-77.5059004,82.91
38.8355339,-77.5059013,82.93
38.8355334,-77.5059021,82.95
38.8355331,-77.505903,82.98
38.8355328,-77.5059039,83.01
38.8355323,-77.5059051,83.04
38.8355318,-77.5059064,83.09
38.835531,-77.5059077,83.1
38.8355301,-77.5059087,83.13
38.8355291,-77.5059093,83.16
38.8355279,-77.5059094,83.17
38.8355266,-77.5059093,83.17
38.8355256,-77.5059092,83.18
38.8355249,-77.5059091,83.2
38.8355244,-77.5059092,83.22
38.8355241,-77.5059095,83.2
38.8355237,-77.50591,83.23
38.8355234,-77.5059108,83.28
38.8355231,-77.5059118,83.31
38.8355227,-77.5059129,83.31
38.835522,-77.5059138,83.33
38.835521,-77.5059145,83.36
38.8355198,-77.5059148,83.37
38.8355184,-77.5059148,83.38
38.8355172,-77.5059149,83.37
38.8355161,-77.5059153,83.36
38.8355152,-77.5059158,83.37
38.8355143,-77.5059161,83.38
38.8355134,-77.5059162,83.38
38.8355125,-77.505916,83.38
38.835512,-77.5059161,83.39
38.8355117,-77.5059167,83.39
38.8355117,-77.5059178,83.37
38.8355115,-77.505919,83.33
38.8355112,-77.5059201,83.32
38.8355107,-77.5059212,83.29
38.83551,-77.505922,83.27
38.8355093,-77.5059226,83.29
38.8355088,-77.5059235,83.27
38.8355084,-77.5059243,83.27
38.835508,-77.5059255,83.28
38.8355076,-77.505927,83.28
38.8355072,-77.5059285,83.27
38.8355067,-77.5059299,83.26
38.8355061,-77.5059312,83.25
38.8355055,-77.5059323,83.26
38.835505,-77.505933,83.26
38.8355045,-77.5059336,83.27
38.8355041,-77.505934,83.27
38.8355036,-77.5059344,83.23
38.835503,-77.5059346,83.23
38.8355024,-77.5059347,83.25
38.8355017,-77.5059347,83.28
38.835501,-77.5059347,83.27
38.8355004,-77.505935,83.25
38.8355,-77.5059356,83.29
38.8354997,-77.5059366,83.3
38.8354993,-77.5059377,83.26
38.8354985,-77.5059385,83.23
38.8354974,-77.5059391,83.25
38.835496,-77.5059395,83.22
38.8354948,-77.5059399,83.22
38.835494,-77.5059403,83.22
38.8354934,-77.5059408,83.19
38.8354929,-77.5059416,83.15
38.8354922,-77.5059426,83.12
38.8354913,-77.5059436,83.12
38.8354903,-77.5059444,83.11
38.8354894,-77.5059453,83.08
38.8354885,-77.5059461,83.04
38.8354878,-77.5059469,83
38.835487,-77.5059478,82.96
38.8354864,-77.5059484,82.96
38.8354858,-77.5059489,82.95
38.8354853,-77.5059491,82.92
38.8354849,-77.5059492,82.91
38.8354845,-77.5059495,82.86
38.835484,-77.5059498,82.84
38.8354834,-77.5059503,82.82
38.8354826,-77.5059509,82.84
38.8354819,-77.5059519,82.85
38.8354813,-77.5059531,82.84
38.8354807,-77.5059544,82.84
38.8354802,-77.5059556,82.86
38.8354797,-77.5059567,82.85
38.8354792,-77.5059574,82.84
38.8354787,-77.5059579,82.83
38.8354782,-77.5059584,82.82
38.8354778,-77.505959,82.82
38.8354777,-77.5059596,82.86
38.8354779,-77.5059602,82.92
38.8354788,-77.5059611,83.05
38.8354805,-77.5059624,83.12
38.8354831,-77.5059642,83.22
38.8354859,-77.5059663,83.29
38.835489,-77.5059685,83.34
38.8354922,-77.5059703,83.41
38.8354956,-77.5059718,83.43
38.835499,-77.5059728,83.41
38.8355026,-77.505973,83.44
38.8355065,-77.5059723,83.47
38.8355107,-77.5059708,83.49
38.8355153,-77.5059687,83.52
38.8355205,-77.5059665,83.56
38.8355261,-77.5059645,83.57
38.8355321,-77.5059625,83.57
38.8355383,-77.5059606,83.58
38.8355443,-77.505959,83.58
38.8355503,-77.5059578,83.57
38.8355563,-77.5059568,83.54
38.8355624,-77.5059561,83.53
38.8355687,-77.5059554,83.53
38.835575,-77.5059546,83.54
38.8355813,-77.5059526,83.57
38.8355874,-77.5059493,83.59
38.8355935,-77.5059445,83.61
38.8355994,-77.5059382,83.65
38.835605,-77.505931,83.67
38.8356098,-77.5059228,83.69
38.8356135,-77.5059136,83.69
38.8356158,-77.5059032,83.77
38.8356169,-77.5058923,83.86
38.8356174,-77.5058815,83.94
38.8356176,-77.5058713,84.02
38.8356182,-77.5058618,84.08
38.8356197,-77.5058535,84.13
38.8356222,-77.5058469,84.2
38.8356255,-77.5058419,84.22
38.8356289,-77.5058383,84.18
38.8356311,-77.5058356,84.16
38.8356321,-77.5058334,84.17
38.8356324,-77.5058318,84.15
38.8356325,-77.505831,84.15
38.8356327,-77.505831,84.16
38.835633,-77.5058316,84.12
38.8356334,-77.5058329,84.08
38.8356335,-77.5058343,84.05
38.8356335,-77.5058357,84.02
38.8356333,-77.5058369,83.99
38.835633,-77.5058381,83.95
38.8356327,-77.5058393,83.92
38.8356325,-77.5058404,83.88
38.8356322,-77.5058416,83.86
38.8356317,-77.5058427,83.84
38.8356311,-77.5058437,83.81
38.8356304,-77.5058445,83.79
38.8356296,-77.5058454,83.78
38.8356287,-77.5058467,83.77
38.8356279,-77.5058481,83.77
38.8356271,-77.5058498,83.76
38.8356262,-77.5058517,83.77
38.8356252,-77.5058538,83.78
38.8356242,-77.5058559,83.78
38.8356231,-77.505858,83.76
38.8356219,-77.50586,83.76
38.8356206,-77.5058618,83.77
38.8356193,-77.5058634,83.79
38.835618,-77.5058649,83.79
38.8356168,-77.5058663,83.8
38.8356157,-77.5058676,83.81
38.8356144,-77.5058689,83.82
38.8356132,-77.5058701,83.83
38.8356118,-77.5058711,83.84
38.8356105,-77.5058718,83.84
38.8356092,-77.5058725,83.83
38.835608,-77.505873,83.84
38.835607,-77.5058736,83.86
38.835606,-77.5058742,83.85
38.8356052,-77.5058746,83.87
38.8356044,-77.505875,83.87
38.8356036,-77.5058753,83.88
38.8356029,-77.5058756,83.88
38.8356021,-77.5058761,83.9
38.8356014,-77.5058768,83.91
38.8356007,-77.5058774,83.9
38.8355999,-77.5058778,83.9
38.8355991,-77.5058783,83.9
38.8355984,-77.5058787,83.9
38.8355978,-77.5058791,83.9
38.8355971,-77.5058795,83.89
38.8355963,-77.5058799,83.89
38.8355954,-77.5058804,83.89
38.8355945,-77.5058812,83.9
38.8355936,-77.5058819,83.93
38.8355928,-77.5058828,83.95
38.8355921,-77.5058836,83.96
38.8355915,-77.5058847,83.96
38.8355908,-77.5058859,83.95
38.8355899,-77.5058867,83.95
38.835589,-77.5058869,83.98
38.8355879,-77.5058868,83.99
38.835587,-77.5058868,83.97
38.8355862,-77.5058872,83.94
38.8355855,-77.5058883,83.88
38.8355849,-77.5058898,83.88
38.8355844,-77.5058912,83.85
38.8355837,-77.505892,83.82
38.8355829,-77.5058925,83.8
38.835582,-77.5058927,83.78
38.8355812,-77.5058933,83.79
38.8355805,-77.5058943,83.78
38.8355799,-77.5058953,83.73
38.8355794,-77.5058959,83.73
38.8355787,-77.5058962,83.68
38.835578,-77.5058965,83.64
38.8355772,-77.505897,83.6
38.8355764,-77.5058979,83.57
38.8355758,-77.5058989,83.53
38.8355754,-77.5058997,83.5
38.8355751,-77.5059006,83.49
38.8355747,-77.5059015,83.48
38.8355742,-77.5059022,83.47
38.8355737,-77.5059029,83.46
38.8355732,-77.5059037,83.44
38.8355726,-77.5059043,83.45
38.8355721,-77.5059046,83.45
38.8355714,-77.5059048,83.44
38.8355707,-77.5059049,83.43
38.8355699,-77.505905,83.42
38.835569,-77.5059053,83.42
38.8355679,-77.5059057,83.42
38.835567,-77.5059062,83.42
38.8355661,-77.5059068,83.46
38.8355656,-77.5059074,83.49
38.8355653,-77.505908,83.49
38.835565,-77.5059086,83.49
38.8355647,-77.5059093,83.49
38.8355641,-77.5059102,83.48
38.8355632,-77.5059111,83.54
38.8355621,-77.5059116,83.58
38.8355611,-77.5059119,83.61
38.8355603,-77.5059122,83.63
38.8355596,-77.5059127,83.63
38.835559,-77.5059135,83.61
38.8355585,-77.5059145,83.59
38.8355578,-77.5059154,83.58
38.8355571,-77.5059162,83.58
38.8355565,-77.505917,83.61
38.8355561,-77.5059177,83.61
38.8355558,-77.5059185,83.64
38.8355556,-77.5059193,83.65
38.8355553,-77.50592,83.65
38.8355547,-77.5059207,83.64
38.8355539,-77.5059215,83.62
38.8355529,-77.5059225,83.6
38.8355518,-77.5059233,83.59
38.8355507,-77.5059239,83.61
38.8355496,-77.505924,83.62
38.8355488,-77.505924,83.61
38.8355482,-77.5059241,83.6
38.8355477,-77.5059243,83.58
38.8355471,-77.5059245,83.59
38.8355465,-77.5059249,83.61
38.8355459,-77.5059252,83.63
38.8355451,-77.5059254,83.65
38.8355444,-77.5059256,83.67
38.8355436,-77.5059261,83.68
38.8355428,-77.5059268,83.7
38.8355419,-77.5059277,83.73
38.8355412,-77.5059287,83.78
38.8355405,-77.5059296,83.81
38.8355399,-77.5059302,83.83
38.8355393,-77.5059307,83.83
38.8355388,-77.505931,83.84
38.8355383,-77.5059313,83.85
38.8355375,-77.5059316,83.85
38.8355367,-77.5059318,83.89
38.8355359,-77.5059323,83.89
38.8355352,-77.5059329,83.88
38.8355347,-77.5059336,83.88
38.8355342,-77.5059344,83.9
38.8355336,-77.5059351,83.92
38.8355329,-77.5059357,83.92
38.8355322,-77.5059362,83.93
38.8355314,-77.5059366,83.97
38.8355307,-77.5059369,83.98
38.8355301,-77.5059373,83.98
38.8355294,-77.5059377,84
38.8355288,-77.5059383,84.02
38.8355282,-77.5059392,84.02
38.8355276,-77.5059402,84.02
38.8355271,-77.5059413,84.02
38.8355267,-77.5059425,84.02
38.8355264,-77.5059437,84.04
38.835526,-77.505945,84.02
38.8355254,-77.5059462,84.02
38.8355247,-77.5059471,84.01
38.8355238,-77.5059479,84
38.8355228,-77.5059484,84
38.8355218,-77.5059487,83.98
38.8355209,-77.505949,83.96
38.83552,-77.5059493,83.96
38.8355191,-77.5059495,83.97
38.8355181,-77.5059498,83.95
38.8355172,-77.5059501,83.89
38.8355162,-77.5059508,83.81
38.8355155,-77.5059518,83.74
38.835515,-77.505953,83.69
38.8355145,-77.5059544,83.62
38.8355139,-77.5059552,83.55
38.8355131,-77.5059549,83.55
38.8355123,-77.5059541,83.48
38.8355118,-77.5059533,83.46
38.8355117,-77.5059527,83.39
38.8355117,-77.5059526,83.3
38.8355117,-77.5059527,83.27
38.8355117,-77.5059528,83.24
38.8355118,-77.5059532,83.17
38.8355118,-77.5059536,83.13
38.8355117,-77.5059547,83.03
38.8355116,-77.5059564,82.99
38.8355115,-77.5059585,82.95
38.8355113,-77.5059605,82.93
38.8355111,-77.505962,82.91
38.8355111,-77.5059629,82.87
38.8355111,-77.5059636,82.81
38.8355111,-77.5059639,82.78
38.835511,-77.5059639,82.73
38.8355109,-77.5059636,82.69
38.8355107,-77.5059627,82.67
38.8355106,-77.5059616,82.63
38.8355105,-77.5059607,82.6
38.8355104,-77.5059602,82.58
38.8355103,-77.5059599,82.56
38.8355102,-77.5059598,82.56
38.8355099,-77.5059597,82.53
38.8355096,-77.5059597,82.52
38.8355093,-77.5059599,82.47
38.8355091,-77.5059601,82.46
38.8355091,-77.5059605,82.45
38.8355093,-77.5059608,82.45
38.8355094,-77.505961,82.44
38.8355095,-77.5059613,82.4
38.8355096,-77.5059617,82.38
38.8355097,-77.5059621,82.37
38.8355097,-77.5059624,82.33
38.8355097,-77.5059629,82.32
38.8355096,-77.5059633,82.3
38.8355096,-77.5059638,82.29
38.8355096,-77.5059644,82.27
38.8355095,-77.505965,82.26
38.8355093,-77.5059655,82.23
38.8355088,-77.5059659,82.23
38.8355083,-77.5059661,82.25
38.8355079,-77.5059663,82.26
38.8355079,-77.5059665,82.27
38.835508,-77.5059666,82.24
38.8355083,-77.5059666,82.25
38.8355084,-77.5059666,82.23
38.8355085,-77.5059666,82.23
38.8355084,-77.5059667,82.24
38.8355083,-77.5059667,82.26
38.8355083,-77.5059666,82.23
38.8355083,-77.5059666,82.22
38.8355082,-77.5059666,82.22
38.8355081,-77.5059666,82.23
38.835508,-77.5059667,82.21
38.835508,-77.5059668,82.18
38.8355079,-77.5059671,82.17
38.8355077,-77.5059675,82.18
38.8355074,-77.5059678,82.17
38.8355069,-77.5059681,82.17
38.8355064,-77.5059682,82.18
38.8355059,-77.5059682,82.18
38.8355055,-77.5059682,82.2
38.8355052,-77.5059681,82.2
38.8355049,-77.5059682,82.18
38.8355046,-77.5059683,82.18
38.8355042,-77.5059684,82.18
38.8355039,-77.5059685,82.17
38.8355036,-77.5059685,82.18
38.8355033,-77.5059685,82.15
38.8355031,-77.5059686,82.14
38.8355029,-77.5059687,82.12
38.8355029,-77.5059688,82.08
38.8355029,-77.5059691,82.08
38.835503,-77.5059695,82.07
38.8355032,-77.5059699,82.05
38.8355034,-77.5059704,82.05
38.8355036,-77.5059711,82.02
38.8355036,-77.5059718,81.99
38.8355036,-77.5059724,81.98
38.8355034,-77.5059729,81.96
38.8355031,-77.5059734,81.91
38.8355029,-77.5059738,81.87
38.8355026,-77.505974,81.85
38.8355023,-77.5059741,81.82
38.835502,-77.5059743,81.8
38.8355017,-77.5059745,81.78
38.8355013,-77.5059747,81.75
38.8355009,-77.505975,81.73
38.8355006,-77.5059754,81.7
38.8355004,-77.5059757,81.67
38.8355004,-77.5059761,81.65
38.8355004,-77.5059766,81.63
38.8355003,-77.5059769,81.63
38.8355002,-77.5059772,81.6
38.8354998,-77.5059775,81.57
38.8354992,-77.5059778,81.53
38.8354986,-77.5059782,81.49
38.835498,-77.5059784,81.46
38.8354976,-77.5059788,81.43
38.8354974,-77.5059793,81.41
38.8354975,-77.5059799,81.39
38.8354977,-77.5059807,81.37
38.835498,-77.5059814,81.32
38.8354982,-77.5059822,81.31
38.835498,-77.5059826,81.29
38.8354975,-77.5059826,81.3
38.835497,-77.5059823,81.28
38.8354964,-77.5059819,81.26
38.8354959,-77.5059815,81.24
38.8354958,-77.5059813,81.24
38.8354958,-77.5059812,81.22
38.8354956,-77.5059813,81.21
38.8354953,-77.5059813,81.18
38.835495,-77.5059813,81.16
38.8354949,-77.5059816,81.14
38.8354948,-77.505982,81.13
38.8354949,-77.5059826,81.11
38.8354949,-77.5059835,81.09
38.8354947,-77.5059844,81.08
38.8354943,-77.5059851,81.06
38.8354938,-77.5059855,81.05
38.8354931,-77.5059857,81.02
38.8354926,-77.5059858,80.98
38.8354924,-77.5059863,80.96
38.8354927,-77.5059871,80.93
38.8354934,-77.505988,80.9
38.8354942,-77.505989,80.88
38.8354948,-77.5059898,80.85
38.835495,-77.5059904,80.8
38.8354949,-77.5059907,80.78
38.8354946,-77.505991,80.78
38.8354942,-77.5059913,80.76
38.8354937,-77.5059914,80.75
38.8354932,-77.5059916,80.72
38.8354927,-77.5059918,80.69
38.8354921,-77.5059921,80.68
38.8354915,-77.5059924,80.64
38.8354909,-77.5059928,80.61
38.8354906,-77.5059933,80.6
38.8354905,-77.5059936,80.58
38.8354906,-77.5059939,80.58
38.8354909,-77.5059942,80.56
38.8354911,-77.5059945,80.53
38.8354911,-77.5059947,80.49
38.8354907,-77.5059948,80.44
38.83549,-77.5059949,80.44
38.8354893,-77.505995,80.44
38.8354888,-77.5059951,80.43
38.8354886,-77.5059952,80.39
38.8354885,-77.5059953,80.38
38.8354885,-77.5059954,80.36
38.8354884,-77.5059956,80.34
38.8354884,-77.5059959,80.31
38.8354884,-77.5059962,80.27
38.8354884,-77.5059965,80.25
38.8354885,-77.505997,80.23
38.8354886,-77.5059975,80.18
38.8354886,-77.505998,80.17
38.8354886,-77.5059985,80.14
38.8354887,-77.505999,80.11
38.8354888,-77.5059994,80.07
38.8354888,-77.5059997,80.04
38.8354885,-77.5059999,79.99
38.8354883,-77.506,79.95
38.8354879,-77.5060002,79.91
38.8354875,-77.5060004,79.88
38.8354873,-77.5060006,79.85
38.835487,-77.5060009,79.85
38.8354869,-77.5060012,79.83
38.8354869,-77.5060016,79.82
38.8354869,-77.5060021,79.79
38.835487,-77.5060027,79.78
38.8354871,-77.5060031,79.76
38.835487,-77.5060035,79.72
38.8354866,-77.5060038,79.67
38.8354861,-77.5060038,79.63
38.8354855,-77.5060038,79.6
38.835485,-77.506004,79.57
38.8354848,-77.5060043,79.53
38.8354849,-77.5060047,79.51
38.835485,-77.5060051,79.46
38.8354852,-77.5060054,79.42
38.8354851,-77.5060055,79.4
38.8354848,-77.5060056,79.38
38.8354846,-77.5060057,79.33
38.8354845,-77.5060061,79.29
38.8354842,-77.5060067,79.27
38.8354838,-77.5060072,79.24
38.8354831,-77.5060077,79.2
38.835482,-77.5060079,79.18
38.8354809,-77.506008,79.16
38.8354802,-77.5060081,79.15
38.8354796,-77.5060082,79.13
38.8354793,-77.506008,79.1
38.835479,-77.5060077,79.05
38.8354788,-77.5060074,79.02
38.8354787,-77.5060074,79.01
38.8354788,-77.5060077,78.99
38.8354792,-77.5060084,78.99
38.8354794,-77.5060094,79
38.8354793,-77.5060108,79
38.8354793,-77.506012,78.99
38.8354795,-77.5060132,79
38.83548,-77.5060145,78.99
38.8354808,-77.5060156,78.99
38.8354819,-77.5060166,78.99
38.8354832,-77.5060174,79.01
38.8354845,-77.506018,78.99
38.8354856,-77.5060185,79
38.8354865,-77.5060188,79.01
38.8354869,-77.5060188,79.01
38.8354871,-77.5060185,79.04
38.8354872,-77.5060182,79.06
38.8354873,-77.5060178,79.06
38.8354873,-77.5060175,79.07
38.8354874,-77.5060171,79.09
38.8354874,-77.5060166,79.1
38.8354874,-77.5060162,79.11
38.8354872,-77.5060158,79.12
38.835487,-77.5060151,79.13
38.8354869,-77.5060144,79.15
38.8354868,-77.5060134,79.16
38.8354867,-77.5060123,79.15
38.8354868,-77.5060112,79.12
38.8354868,-77.50601,79.12
38.8354868,-77.5060087,79.09
38.835487,-77.5060073,79.04
38.8354872,-77.5060056,79.02
38.8354873,-77.5060036,78.98
38.8354875,-77.5060015,78.93
38.8354877,-77.5059994,78.86
38.8354878,-77.5059972,78.81
38.8354878,-77.5059949,78.74
38.8354876,-77.5059926,78.67
38.8354874,-77.5059901,78.59
38.8354871,-77.5059873,78.51
38.8354869,-77.5059844,78.43
38.8354867,-77.5059814,78.37
38.8354867,-77.5059782,78.3
38.8354866,-77.5059746,78.24
38.8354866,-77.505971,78.19
38.8354866,-77.5059679,78.21
38.8354864,-77.5059659,78.23
38.8354862,-77.5059655,78.29
38.8354862,-77.5059662,78.33
38.8354863,-77.5059673,78.39
38.8354865,-77.505968,78.5
38.8354866,-77.5059682,78.55
38.8354868,-77.5059681,78.61
38.835487,-77.5059682,78.66
38.8354873,-77.5059687,78.7
38.8354874,-77.5059694,78.75
38.8354875,-77.5059702,78.79
38.8354874,-77.5059709,78.87
38.8354873,-77.5059714,78.94
38.8354872,-77.5059718,79.01
38.8354871,-77.5059721,79.06
38.8354867,-77.5059723,79.14
38.8354865,-77.5059724,79.21
38.8354865,-77.5059726,79.28
38.8354866,-77.5059728,79.34
38.8354867,-77.505973,79.41
38.8354869,-77.5059732,79.46
38.8354869,-77.5059735,79.49
38.8354868,-77.5059737,79.51
38.8354865,-77.5059738,79.56
38.8354862,-77.5059738,79.6
38.8354859,-77.5059736,79.61
38.8354857,-77.5059732,79.65
38.8354854,-77.5059725,79.68
38.835485,-77.5059714,79.69
38.8354847,-77.5059703,79.67
38.8354842,-77.5059697,79.66
38.8354832,-77.5059699,79.64
38.8354818,-77.5059708,79.67
38.8354801,-77.5059721,79.68
38.8354782,-77.5059732,79.71
38.8354766,-77.5059742,79.74
38.8354755,-77.505975,79.74
38.8354746,-77.5059758,79.72
38.8354739,-77.5059766,79.71
38.8354732,-77.5059777,79.69
38.8354725,-77.5059788,79.67
38.835472,-77.5059799,79.68
38.8354717,-77.5059812,79.65
38.8354717,-77.5059825,79.64
38.8354718,-77.5059836,79.65
38.8354718,-77.5059843,79.67
38.8354718,-77.5059849,79.68
38.8354718,-77.5059851,79.69
38.8354717,-77.5059852,79.71
38.8354713,-77.5059853,79.72
38.8354709,-77.5059854,79.72
38.8354703,-77.5059855,79.71
38.8354698,-77.5059859,79.76
38.8354695,-77.5059865,79.78
38.8354691,-77.505987,79.8
38.8354686,-77.5059876,79.81
38.8354679,-77.505988,79.81
38.8354672,-77.5059884,79.82
38.8354665,-77.5059886,79.85
38.835466,-77.5059888,79.84
38.8354654,-77.5059892,79.86
38.8354646,-77.5059894,79.86
38.8354639,-77.5059897,79.85
38.8354632,-77.5059903,79.87
38.8354627,-77.505991,79.88
38.8354623,-77.5059917,79.9
38.835462,-77.5059924,79.88
38.8354617,-77.505993,79.89
38.8354614,-77.5059935,79.91
38.8354609,-77.5059939,79.9
38.8354603,-77.5059944,79.89
38.8354596,-77.5059952,79.89
38.8354588,-77.5059961,79.89
38.835458,-77.505997,79.89
38.8354572,-77.5059978,79.9
38.8354564,-77.5059985,79.89
38.8354559,-77.5059992,79.91
38.8354553,-77.5059999,79.92
38.8354548,-77.5060005,79.91
38.835454,-77.5060012,79.89
38.8354531,-77.5060021,79.91
38.835452,-77.506003,79.88
38.835451,-77.5060039,79.88
38.8354502,-77.5060046,79.89
38.8354494,-77.506005,79.91
38.8354488,-77.5060054,79.92
38.8354482,-77.5060057,79.92
38.8354476,-77.5060061,79.93
38.835447,-77.5060065,79.94
38.8354464,-77.5060069,79.95
38.8354459,-77.5060073,79.98
38.8354456,-77.5060076,79.99
38.8354454,-77.506008,80
38.8354452,-77.5060084,80.01
38.8354449,-77.5060089,80.03
38.8354443,-77.5060097,80.05
38.8354436,-77.5060106,80.07
38.8354429,-77.5060115,80.08
38.8354421,-77.5060123,80.1
38.8354413,-77.5060129,80.08
38.8354406,-77.5060133,80.1
38.8354398,-77.5060136,80.11
38.8354392,-77.5060139,80.09
38.8354387,-77.5060142,80.12
38.8354381,-77.5060147,80.13
38.8354374,-77.5060153,80.13
38.8354366,-77.506016,80.14
38.8354356,-77.5060168,80.16
38.8354347,-77.5060175,80.16
38.8354341,-77.5060184,80.18
38.8354336,-77.5060193,80.18
38.8354332,-77.5060201,80.18
38.8354326,-77.5060208,80.18
38.8354318,-77.5060213,80.17
38.835431,-77.5060218,80.2
38.8354303,-77.5060223,80.2
38.8354297,-77.5060229,80.2
38.8354291,-77.5060235,80.21
38.8354285,-77.5060241,80.21
38.8354278,-77.5060248,80.2
38.8354271,-77.5060255,80.21
38.8354264,-77.5060263,80.22
38.8354257,-77.506027,80.23
38.8354253,-77.5060276,80.23
38.835425,-77.5060283,80.24
38.8354249,-77.5060289,80.28
38.835425,-77.5060297,80.28
38.835425,-77.5060305,80.28
38.8354246,-77.5060311,80.27
38.8354239,-77.5060313,80.29
38.835423,-77.5060315,80.33
38.8354222,-77.5060318,80.33
38.8354215,-77.5060323,80.35
38.8354207,-77.5060329,80.37
38.8354198,-77.5060335,80.4
38.8354187,-77.5060341,80.4
38.8354178,-77.5060347,80.4
38.8354169,-77.5060356,80.42
38.8354161,-77.5060366,80.44
38.8354154,-77.5060377,80.43
38.8354148,-77.5060386,80.44
38.8354142,-77.5060394,80.43
38.8354137,-77.50604,80.45
38.8354133,-77.5060405,80.44
38.8354129,-77.5060408,80.44
38.8354125,-77.5060412,80.45
38.8354122,-77.5060415,80.44
38.8354118,-77.5060419,80.44
38.8354113,-77.5060424,80.44
38.8354107,-77.506043,80.44
38.8354099,-77.5060436,80.45
38.8354091,-77.5060443,80.42
38.8354083,-77.5060449,80.43
38.8354074,-77.5060454,80.41
38.8354066,-77.5060458,80.42
38.8354058,-77.5060461,80.39
38.8354049,-77.5060462,80.4
38.8354041,-77.5060466,80.41
38.8354033,-77.506047,80.41
38.8354024,-77.5060473,80.44
38.8354016,-77.5060476,80.45
38.8354009,-77.5060479,80.46
38.8354002,-77.506048,80.48
38.8353995,-77.5060482,80.5
38.8353989,-77.5060485,80.51
38.8353983,-77.5060489,80.52
38.8353978,-77.5060494,80.54
38.8353974,-77.50605,80.57
38.8353972,-77.5060506,80.58
38.8353969,-77.5060512,80.58
38.8353965,-77.5060519,80.6
38.835396,-77.5060526,80.62
38.8353954,-77.5060532,80.65
38.8353948,-77.5060536,80.67
38.8353942,-77.506054,80.67
38.8353937,-77.5060546,80.68
38.8353932,-77.5060554,80.71
38.8353927,-77.5060563,80.71
38.835392,-77.5060576,80.7
38.835391,-77.5060591,80.7
38.8353899,-77.5060604,80.69
38.8353892,-77.5060617,80.7
38.8353888,-77.5060628,80.71
38.8353885,-77.5060638,80.72
38.8353882,-77.5060645,80.69
38.8353876,-77.506065,80.68
38.8353869,-77.5060651,80.67
38.8353861,-77.506065,80.67
38.8353855,-77.506065,80.67
38.835385,-77.506065,80.67
38.8353847,-77.5060654,80.66
38.8353844,-77.506066,80.68
38.835384,-77.5060667,80.65
38.8353835,-77.5060673,80.65
38.8353828,-77.5060678,80.65
38.835382,-77.5060682,80.66
38.8353813,-77.5060688,80.66
38.8353806,-77.5060696,80.65
38.8353798,-77.5060704,80.62
38.8353789,-77.5060711,80.62
38.8353782,-77.5060717,80.61
38.8353776,-77.5060723,80.61
38.8353772,-77.5060728,80.59
38.8353768,-77.5060734,80.59
38.8353763,-77.506074,80.59
38.8353757,-77.5060745,80.58
38.8353747,-77.5060749,80.6
38.8353735,-77.5060752,80.61
38.8353723,-77.5060756,80.61
38.8353712,-77.5060759,80.61
38.8353703,-77.5060761,80.65
38.8353696,-77.5060765,80.67
38.835369,-77.5060769,80.7
38.8353685,-77.5060774,80.7
38.8353681,-77.5060781,80.71
38.8353676,-77.5060789,80.7
38.835367,-77.5060799,80.69
38.8353664,-77.506081,80.71
38.8353659,-77.506082,80.71
38.8353655,-77.506083,80.7
38.835365,-77.5060839,80.72
38.8353644,-77.5060846,80.72
38.8353636,-77.5060853,80.72
38.8353627,-77.506086,80.7
38.8353618,-77.5060865,80.69
38.8353609,-77.506087,80.68
38.8353602,-77.5060875,80.66
38.8353594,-77.506088,80.64
38.8353585,-77.5060883,80.63
38.8353575,-77.5060886,80.63
38.8353566,-77.5060889,80.59
38.8353559,-77.5060895,80.57
38.8353553,-77.5060903,80.54
38.8353547,-77.506091,80.54
38.8353542,-77.5060918,80.51
38.8353537,-77.5060925,80.48
38.8353533,-77.5060932,80.45
38.8353529,-77.5060938,80.42
38.8353524,-77.5060944,80.41
38.8353517,-77.506095,80.36
38.835351,-77.5060957,80.35
38.8353502,-77.5060967,80.3
38.8353494,-77.5060977,80.25
38.8353487,-77.5060988,80.21
38.8353481,-77.5061001,80.2
38.8353475,-77.5061013,80.18
38.8353468,-77.5061024,80.13
38.8353461,-77.5061035,80.07
38.8353454,-77.5061046,80.06
38.8353451,-77.5061056,80.04
38.835345,-77.5061064,80.06
38.8353451,-77.5061069,80.02
38.8353449,-77.5061072,80.01
38.835344,-77.5061073,80.02
38.8353428,-77.5061075,80.02
38.8353417,-77.5061078,80
38.8353408,-77.5061082,80
38.8353404,-77.5061088,79.98
38.8353402,-77.5061096,79.95
38.8353399,-77.5061104,79.94
38.8353393,-77.5061111,79.93
38.8353383,-77.5061115,79.94
38.8353371,-77.5061118,79.93
38.8353358,-77.5061119,79.93
38.8353347,-77.5061123,79.91
38.835334,-77.5061128,79.9
38.8353334,-77.5061135,79.9
38.8353329,-77.5061142,79.88
38.8353323,-77.5061148,79.9
38.8353317,-77.5061154,79.91
38.835331,-77.506116,79.92
38.8353302,-77.5061167,79.92
38.8353294,-77.5061173,79.94
38.8353286,-77.5061178,79.95
38.8353279,-77.5061184,79.96
38.8353274,-77.5061191,79.96
38.8353268,-77.5061198,79.96
38.8353262,-77.5061204,79.97
38.8353255,-77.5061208,79.99
38.8353248,-77.5061211,79.99
38.835324,-77.5061212,80
38.8353233,-77.5061214,80.01
38.8353226,-77.5061218,80.02
38.8353218,-77.5061222,80.02
38.8353208,-77.5061227,80.03
38.8353198,-77.5061231,80.02
38.8353189,-77.5061236,80.03
38.8353182,-77.5061241,80.04
38.8353175,-77.5061248,80.04
38.8353169,-77.5061257,80.05
38.8353162,-77.5061265,80.07
38.8353156,-77.5061273,80.08
38.8353151,-77.5061282,80.09
38.8353148,-77.5061292,80.11
38.8353145,-77.5061303,80.13
38.835314,-77.5061314,80.13
38.8353133,-77.5061324,80.13
38.8353123,-77.5061332,80.16
38.8353114,-77.5061339,80.17
38.8353108,-77.5061345,80.2
38.8353104,-77.5061351,80.2
38.8353101,-77.5061355,80.24
38.8353099,-77.506136,80.25
38.8353095,-77.5061365,80.24
38.835309,-77.5061371,80.26
38.8353083,-77.5061378,80.26
38.8353077,-77.5061387,80.23
38.8353071,-77.5061397,80.24
38.8353063,-77.5061406,80.24
38.8353055,-77.5061414,80.23
38.8353048,-77.5061421,80.24
38.8353041,-77.5061426,80.24
38.8353034,-77.5061429,80.21
38.8353024,-77.5061432,80.19
38.8353014,-77.5061438,80.17
38.8353003,-77.5061443,80.15
38.8352992,-77.5061447,80.16
38.8352982,-77.506145,80.16
38.8352973,-77.506145,80.17
38.8352964,-77.506145,80.16
38.8352955,-77.5061453,80.15
38.8352946,-77.5061459,80.15
38.8352939,-77.5061467,80.15
38.8352934,-77.5061474,80.17
38.8352931,-77.506148,80.17
38.8352928,-77.5061485,80.14
38.8352924,-77.506149,80.14
38.8352918,-77.5061496,80.14
38.8352913,-77.5061503,80.12
38.8352907,-77.5061511,80.14
38.8352902,-77.5061521,80.14
38.8352896,-77.5061532,80.13
38.835289,-77.5061543,80.13
38.8352886,-77.5061553,80.13
38.8352881,-77.5061562,80.13
38.8352876,-77.5061569,80.13
38.8352872,-77.5061575,80.11
38.8352866,-77.506158,80.11
38.8352859,-77.5061584,80.11
38.835285,-77.5061588,80.1
38.835284,-77.5061592,80.08
38.8352831,-77.5061597,80.09
38.8352823,-77.5061603,80.08
38.8352817,-77.506161,80.08
38.8352812,-77.5061619,80.09
38.8352807,-77.5061628,80.07
38.8352801,-77.5061637,80.06
38.8352792,-77.5061643,80.04
38.8352781,-77.5061648,80.03
38.8352771,-77.5061651,80.03
38.8352761,-77.5061655,80.03
38.8352752,-77.5061658,80.02
38.8352744,-77.5061662,80.01
38.8352735,-77.5061663,80.01
38.8352726,-77.5061665,80.02
38.8352719,-77.5061668,80.01
38.8352713,-77.5061671,80.03
38.8352707,-77.5061676,80.02
38.8352701,-77.5061681,80.01
38.8352694,-77.5061689,80.01
38.8352688,-77.5061695,80
38.8352682,-77.5061702,80.03
38.8352676,-77.5061711,80.02
38.8352671,-77.5061722,80
38.8352667,-77.5061735,79.98
38.8352661,-77.5061749,79.97
38.8352657,-77.5061764,79.97
38.8352653,-77.5061777,79.96
38.8352649,-77.5061786,79.97
38.8352646,-77.5061792,79.97
38.8352644,-77.5061795,79.98
38.8352639,-77.5061799,79.98
38.8352633,-77.5061804,79.98
38.8352625,-77.5061811,80
38.8352618,-77.5061818,80.01
38.8352614,-77.5061823,80.02
38.8352613,-77.5061825,80.02
38.8352612,-77.5061825,80.04
38.8352611,-77.5061825,80.04
38.8352609,-77.5061825,80.06
38.8352606,-77.5061826,80.05
38.8352604,-77.5061829,80.06
38.8352604,-77.5061831,80.07
38.8352607,-77.5061833,80.09
38.835261,-77.5061835,80.08
38.8352612,-77.5061836,80.11
38.8352612,-77.5061835,80.12
38.8352614,-77.5061834,80.13
38.8352617,-77.5061832,80.14
38.835262,-77.5061832,80.15
38.8352623,-77.5061834,80.16
38.8352625,-77.5061835,80.16
38.8352625,-77.5061835,80.18
38.8352625,-77.5061834,80.17
38.8352625,-77.5061831,80.18
38.8352626,-77.5061829,80.19
38.8352626,-77.5061827,80.22
38.8352625,-77.5061824,80.23
38.8352623,-77.5061822,80.24
38.8352621,-77.5061819,80.25
38.835262,-77.5061817,80.26
38.8352619,-77.5061816,80.28
38.8352616,-77.5061814,80.3
38.8352613,-77.5061812,80.33
38.835261,-77.5061811,80.34
38.835261,-77.5061811,80.35
38.8352611,-77.5061813,80.38
38.8352612,-77.5061814,80.39
38.8352613,-77.5061814,80.42
38.8352613,-77.5061815,80.44
38.8352614,-77.5061816,80.47
38.8352615,-77.5061816,80.46
38.8352617,-77.5061817,80.49
38.8352619,-77.5061819,80.5
38.8352621,-77.5061821,80.51
38.8352624,-77.5061822,80.53
38.8352626,-77.5061824,80.54
38.8352628,-77.5061827,80.54
38.8352629,-77.5061829,80.56
38.8352629,-77.5061831,80.55
38.8352628,-77.5061832,80.52
38.8352625,-77.5061831,80.55
38.8352621,-77.5061829,80.56
38.8352617,-77.5061826,80.57
38.8352614,-77.5061823,80.57
38.8352611,-77.5061821,80.59
38.8352608,-77.506182,80.63
38.8352605,-77.5061818,80.65
38.8352602,-77.5061816,80.69
38.83526,-77.5061813,80.72
38.8352599,-77.5061812,80.78
38.83526,-77.5061813,80.79
38.8352601,-77.5061815,80.82
38.8352602,-77.5061817,80.84
38.8352602,-77.5061819,80.85
38.8352603,-77.506182,80.86
38.8352604,-77.5061821,80.91
38.8352607,-77.506182,80.92
38.8352609,-77.506182,80.93
38.835261,-77.5061821,80.94
38.8352611,-77.5061821,80.95
38.8352611,-77.5061823,80.95
38.8352611,-77.5061824,80.99
38.8352612,-77.5061824,81
38.8352613,-77.5061825,81.02
38.8352615,-77.5061823,81.03
38.8352616,-77.5061821,81.05
38.8352616,-77.5061819,81.06
38.8352617,-77.5061817,81.07
38.8352617,-77.5061814,81.07
38.8352617,-77.5061813,81.08
38.8352616,-77.5061813,81.06
38.8352615,-77.5061814,81.07
38.8352613,-77.5061815,81.09
38.835261,-77.5061816,81.11
38.835261,-77.5061816,81.1
38.835261,-77.5061816,81.11
38.8352611,-77.5061815,81.14
38.8352612,-77.5061815,81.14
38.8352612,-77.5061817,81.15
38.8352612,-77.5061819,81.16
38.8352615,-77.5061821,81.18
38.835262,-77.5061823,81.19
38.8352625,-77.5061822,81.21
38.8352631,-77.506182,81.22
38.8352635,-77.5061819,81.23
38.8352636,-77.506182,81.22
38.8352635,-77.5061823,81.23
38.8352633,-77.5061827,81.25
38.835263,-77.5061831,81.25
38.8352629,-77.5061834,81.26
38.8352629,-77.5061833,81.27
38.8352627,-77.5061827,81.28
38.8352626,-77.5061818,81.29
38.8352625,-77.506181,81.29
38.8352623,-77.5061806,81.31
38.8352621,-77.5061807,81.31
38.8352616,-77.5061811,81.34
38.8352611,-77.5061816,81.33
38.8352606,-77.5061823,81.34
38.8352602,-77.5061826,81.38
38.8352601,-77.5061826,81.4
38.8352601,-77.5061822,81.4
38.8352601,-77.5061815,81.42
38.8352601,-77.5061809,81.43
38.8352598,-77.5061808,81.43
38.8352594,-77.5061811,81.44
38.835259,-77.5061816,81.45
38.8352587,-77.5061822,81.48
38.8352588,-77.5061827,81.48
38.8352588,-77.5061828,81.49
38.8352589,-77.5061825,81.51
38.8352591,-77.506182,81.51
38.8352593,-77.5061815,81.53
38.8352596,-77.5061813,81.53
38.8352601,-77.5061813,81.55
38.8352606,-77.5061814,81.57
38.835261,-77.5061816,81.6
38.8352612,-77.5061819,81.61
38.8352614,-77.5061821,81.63
38.8352617,-77.5061823,81.63
38.8352619,-77.5061826,81.62
38.8352619,-77.5061828,81.61
38.8352618,-77.5061828,81.61
38.8352616,-77.5061827,81.64
38.8352615,-77.5061824,81.67
38.8352613,-77.5061822,81.68
38.8352612,-77.5061821,81.7
38.8352611,-77.5061821,81.71
38.835261,-77.5061822,81.7
38.8352609,-77.5061823,81.72
38.8352608,-77.5061824,81.73
38.8352609,-77.5061825,81.73
38.8352609,-77.5061824,81.74
38.8352609,-77.5061822,81.75
38.8352609,-77.5061821,81.76
38.8352608,-77.506182,81.76
38.8352607,-77.506182,81.76
38.8352606,-77.5061821,81.75
38.8352604,-77.5061824,81.73
38.8352601,-77.5061828,81.74
38.8352599,-77.5061832,81.75
38.8352597,-77.5061832,81.78
38.8352596,-77.5061829,81.77
38.8352594,-77.5061825,81.78
38.8352594,-77.506182,81.81
38.8352596,-77.5061816,81.81
38.8352598,-77.5061814,81.83
38.83526,-77.5061812,81.85
38.8352602,-77.5061811,81.87
38.8352603,-77.506181,81.87
38.8352604,-77.5061809,81.89
38.8352606,-77.5061809,81.89
38.8352606,-77.5061808,81.9
38.8352606,-77.5061806,81.92
38.8352605,-77.5061805,81.93
38.8352605,-77.5061806,81.94
38.8352605,-77.5061806,81.96
38.8352604,-77.5061806,81.99
38.8352603,-77.5061805,82.01
38.8352602,-77.5061802,82.02
38.83526,-77.5061799,82.02
38.8352599,-77.5061799,82.02
38.8352599,-77.5061801,82.03
38.8352598,-77.5061805,82.04
38.8352597,-77.5061807,82.04
38.8352595,-77.5061809,82.04
38.8352594,-77.5061809,82.03
38.8352594,-77.5061809,82.03
38.8352594,-77.506181,82.03
38.8352593,-77.5061814,82.01
38.8352592,-77.506182,82.02
38.8352591,-77.5061826,82.03
38.8352592,-77.5061829,82.05
38.8352593,-77.5061831,82.06
38.8352596,-77.5061832,82.04
38.8352601,-77.506183,81.99
38.8352605,-77.5061825,81.91
38.835261,-77.5061815,81.84
38.8352615,-77.5061799,81.74
38.835262,-77.5061778,81.62
38.8352625,-77.5061752,81.48
38.835263,-77.5061718,81.35
38.8352634,-77.5061678,81.27
38.8352638,-77.5061633,81.16
38.8352644,-77.5061585,81.01
38.835265,-77.5061535,80.89
38.8352657,-77.5061481,80.76
38.8352662,-77.5061422,80.65
38.8352665,-77.506136,80.52
38.8352667,-77.5061298,80.41
38.8352668,-77.5061237,80.27
38.8352669,-77.506118,80.11
38.8352672,-77.5061125,79.98
38.8352675,-77.5061068,79.86
38.8352678,-77.5061008,79.77
38.8352679,-77.5060946,79.67
38.835268,-77.5060881,79.58
38.8352681,-77.5060815,79.47
38.8352682,-77.5060744,79.37
38.8352685,-77.506067,79.24
38.8352688,-77.5060592,79.11
38.835269,-77.5060511,78.95
38.8352694,-77.5060427,78.78
38.8352699,-77.5060338,78.63
38.8352705,-77.5060247,78.46
38.8352709,-77.5060157,78.3
38.8352714,-77.5060068,78.1
38.8352721,-77.5059978,77.93
38.8352725,-77.5059886,77.79
38.8352728,-77.5059794,77.65
38.835273,-77.5059703,77.5
38.8352731,-77.5059611,77.33
38.8352731,-77.5059517,77.21
38.8352726,-77.5059422,77.09
38.8352718,-77.5059321,76.94
38.8352705,-77.5059216,76.78
38.8352691,-77.5059106,76.64
38.8352676,-77.5058995,76.47
38.835266,-77.5058883,76.32
38.8352644,-77.5058771,76.18
38.8352627,-77.5058662,76.01
38.8352606,-77.505856,75.82
38.8352578,-77.5058464,75.65
38.8352541,-77.5058373,75.48
38.8352496,-77.5058282,75.32
38.8352447,-77.5058195,75.16
38.8352392,-77.505811,75.03
38.8352334,-77.5058028,74.87
38.835227,-77.5057947,74.72
38.83522,-77.5057864,74.56
38.8352122,-77.5057777,74.4
38.835204,-77.5057686,74.25
38.8351955,-77.5057592,74.1
38.8351874,-77.5057499,73.93
38.8351801,-77.5057403,73.74
38.8351735,-77.5057305,73.6
38.8351677,-77.505721,73.42
38.8351629,-77.505712,73.23
38.835159,-77.5057032,73.04
38.8351561,-77.5056945,72.92
38.8351539,-77.505686,72.72
38.8351525,-77.5056773,72.53
38.8351516,-77.505668,72.4
38.8351511,-77.5056584,72.22
38.8351507,-77.5056488,72.02
38.8351503,-77.5056395,71.81
38.8351497,-77.5056298,71.66
38.8351489,-77.5056191,71.46
38.8351481,-77.5056064,71.27
38.8351477,-77.5055912,71.08
38.8351481,-77.5055738,70.93
38.835149,-77.5055562,70.76
38.8351498,-77.5055394,70.61
38.8351501,-77.5055251,70.41
38.8351491,-77.5055157,70.13
38.8351464,-77.5055127,69.84
38.8351424,-77.5055167,69.62
38.8351379,-77.5055254,69.56
38.8351331,-77.5055348,69.53
38.8351277,-77.505544,69.61
38.8351224,-77.5055525,69.58
38.8351166,-77.5055603,69.42
38.8351103,-77.5055677,69.2
38.8351032,-77.5055749,68.96
38.8350956,-77.5055815,68.68
38.8350877,-77.5055874,68.45
38.8350797,-77.5055928,68.22
38.8350712,-77.5055971,67.98
38.8350624,-77.5056003,67.67
38.8350527,-77.5056019,67.38
38.835042,-77.5056022,67.16
38.8350313,-77.5056018,66.96
38.8350219,-77.505601,66.72
38.8350167,-77.5056002,66.45
38.8350151,-77.5055986,66.03
38.8350145,-77.5055959,65.57
38.8350146,-77.5055931,64.99
38.8350156,-77.5055896,64.37
38.8350166,-77.5055864,63.97
38.8350196,-77.5055868,64.07
38.8350222,-77.5055862,64.04
38.8350221,-77.505585,63.82
38.8350215,-77.5055855,63.63
38.8350216,-77.5055867,63.4
38.8350217,-77.5055878,63.26
38.8350212,-77.5055885,62.87
38.8350209,-77.5055879,62.7
38.8350206,-77.5055868,62.86
38.8350204,-77.5055859,62.82
38.8350203,-77.5055852,62.86
38.8350203,-77.5055849,62.86
38.8350206,-77.5055848,62.77
38.8350207,-77.5055849,62.73
38.8350207,-77.5055849,62.79
38.8350209,-77.5055846,62.75
38.8350209,-77.5055846,62.79
38.8350209,-77.5055849,62.84
38.835021,-77.5055853,62.84
38.8350208,-77.5055857,62.89
38.8350208,-77.5055859,62.91
38.8350208,-77.5055858,62.91
38.835021,-77.5055857,62.86
38.835021,-77.5055858,62.88
38.8350211,-77.5055859,62.87
38.835021,-77.505586,62.9
38.835021,-77.5055863,62.89
38.8350211,-77.5055865,62.82
38.8350211,-77.5055871,62.76
38.8350211,-77.5055877,62.69
38.8350209,-77.5055883,62.7
38.8350208,-77.5055887,62.68
38.8350206,-77.5055891,62.67
38.8350204,-77.5055896,62.66
38.8350201,-77.5055899,62.68
38.83502,-77.5055902,62.68
38.8350198,-77.5055904,62.7
38.8350198,-77.5055907,62.67
38.8350197,-77.505591,62.66
38.8350196,-77.5055912,62.61
38.8350196,-77.5055915,62.6
38.8350195,-77.5055918,62.59
38.8350195,-77.5055919,62.58
38.8350193,-77.5055919,62.6
38.8350192,-77.505592,62.6
38.8350191,-77.5055922,62.58
38.8350189,-77.5055926,62.57
38.8350187,-77.5055928,62.59
38.8350186,-77.505593,62.57
38.8350185,-77.5055932,62.55
38.8350183,-77.5055936,62.58
38.8350181,-77.5055939,62.59
38.8350178,-77.5055943,62.63
38.8350174,-77.5055948,62.68
38.8350171,-77.5055952,62.71
38.8350167,-77.5055954,62.75
38.8350166,-77.5055957,62.72
38.8350166,-77.5055958,62.65
38.8350166,-77.5055959,62.58
38.8350166,-77.505596,62.53
38.8350165,-77.5055961,62.51
38.8350165,-77.5055962,62.46
38.8350166,-77.5055964,62.41
38.8350164,-77.5055966,62.39
38.8350161,-77.5055971,62.41
38.8350158,-77.5055976,62.42
38.8350153,-77.5055982,62.47
38.8350148,-77.5055988,62.51
38.8350145,-77.5055991,62.53
38.8350142,-77.5055996,62.55
38.835014,-77.5055998,62.54
38.8350136,-77.5056002,62.57
38.8350132,-77.5056009,62.63
38.8350129,-77.5056013,62.61
38.8350124,-77.505602,62.67
38.8350119,-77.5056026,62.74
38.8350116,-77.505603,62.77
38.8350112,-77.5056035,62.79
38.8350109,-77.505604,62.82
38.8350107,-77.5056043,62.81
38.8350105,-77.5056045,62.8
38.8350104,-77.5056047,62.76
38.8350102,-77.5056051,62.75
38.83501,-77.5056053,62.71
38.8350099,-77.5056055,62.69
