time,Barometer,Bar6hourMaxs,Bar6hourMins,TempIn,HumIn,TempOut,Temp6hourMaxs,Temp6hourMins,HumOut,WindSpeed,WindDir
1681748177.0,997.2,997.2,997.2,22.7,26,19.6,22.7,19.6,28,1.3410818059901652,256
1681748187.0,997.2,997.2,997.2,22.7,26,19.6,22.7,19.6,28,1.3410818059901652,256
1681748197.0,997.2,997.2,997.2,22.7,26,19.6,22.7,19.6,28,1.3410818059901652,256
1681748207.0,997.2,997.2,997.2,22.7,26,19.6,22.7,19.6,28,1.3410818059901652,256
1681748217.0,997.2,997.2,997.2,22.7,26,19.6,22.7,19.6,28,1.3410818059901652,256
1681748227.0,997.1,997.2,997.1,22.3,23,19.6,22.7,19.6,28,1.3410818059901652,256
1681748237.0,997.1,997.2,997.1,22.3,23,19.6,22.7,19.6,28,1.3410818059901652,256
1681748247.0,997.1,997.2,997.1,22.3,23,19.6,22.7,19.6,28,1.3410818059901652,256
1681748257.0,997.1,997.2,997.1,22.3,23,19.6,22.7,19.6,28,1.3410818059901652,256
1681748267.0,997.1,997.2,997.1,22.3,23,19.6,22.7,19.6,28,1.3410818059901652,256
1681748277.0,997.1,997.2,997.1,22.3,23,19.6,22.7,19.6,28,1.3410818059901652,256
1681748287.0,997.2,997.2,997.1,22.1,24,18.7,22.7,18.7,28,0.8940545373267769,267
1681748297.0,997.2,997.2,997.1,22.1,24,18.7,22.7,18.7,28,0.8940545373267769,262
1681748307.0,997.2,997.2,997.1,22.1,24,18.7,22.7,18.7,28,0.8940545373267769,245
1681748317.0,997.2,997.2,997.1,22.1,24,18.6,22.7,18.6,28,0.44702726866338843,266
1681748327.0,997.2,997.2,997.1,22.1,24,18.6,22.7,18.6,28,0.44702726866338843,268
1681748337.0,997.2,997.2,997.1,22.1,24,18.6,22.7,18.6,30,0.8940545373267769,246
1681748347.0,997.2,997.2,997.1,21.9,26,18.5,22.7,18.5,30,1.3410818059901652,240
1681748357.0,997.2,997.2,997.1,21.9,26,18.4,22.7,18.4,30,0.8940545373267769,297
1681748367.0,997.2,997.2,997.1,21.9,26,18.4,22.7,18.4,30,0.8940545373267769,266
1681748377.0,997.2,997.2,997.1,21.9,26,18.4,22.7,18.4,30,0.8940545373267769,256
1681748387.0,997.2,997.2,997.1,21.9,26,18.4,22.7,18.4,30,0.44702726866338843,202
1681748397.0,997.2,997.2,997.1,21.9,26,18.4,22.7,18.4,30,0.0,101
1681748407.0,997.2,997.2,997.1,21.7,28,18.4,22.7,18.4,30,0.44702726866338843,133
1681748417.0,997.2,997.2,997.1,21.7,28,18.4,22.7,18.4,30,0.8940545373267769,135
1681748427.0,997.2,997.2,997.1,21.7,28,18.4,22.7,18.4,30,0.44702726866338843,198
1681748437.0,997.2,997.2,997.1,21.7,28,18.4,22.7,18.4,30,0.44702726866338843,217
1681748447.0,997.2,997.2,997.1,21.7,28,18.3,22.7,18.3,30,0.0,216
1681748457.0,997.2,997.2,997.1,21.7,28,18.4,22.7,18.3,30,0.44702726866338843,202
1681748467.0,997.2,997.2,997.1,21.7,28,18.3,22.7,18.3,30,0.44702726866338843,219
1681748477.0,997.2,997.2,997.1,21.7,28,18.4,22.7,18.3,30,0.0,227
1681748487.0,997.2,997.2,997.1,21.7,28,18.4,22.7,18.3,30,0.0,252
1681748497.0,997.2,997.2,997.1,21.7,28,18.4,22.7,18.3,30,0.44702726866338843,258
1681748507.0,997.2,997.2,997.1,21.7,28,18.5,22.7,18.3,30,0.0,252
1681748517.0,997.2,997.2,997.1,21.7,28,18.5,22.7,18.3,30,0.44702726866338843,258
1681748527.0,997.3,997.3,997.1,21.8,28,18.5,22.7,18.3,30,0.8940545373267769,230
1681748537.0,997.3,997.3,997.1,21.8,28,18.6,22.7,18.3,30,0.8940545373267769,219
1681748547.0,997.3,997.3,997.1,21.8,28,18.6,22.7,18.3,33,1.3410818059901652,216
1681748557.0,997.3,997.3,997.1,21.8,28,18.6,22.7,18.3,33,0.44702726866338843,243
1681748567.0,997.3,997.3,997.1,21.8,28,18.6,22.7,18.3,33,0.0,236
1681748577.0,997.3,997.3,997.1,21.8,28,18.7,22.7,18.3,33,0.44702726866338843,274
1681748587.0,997.1,997.3,997.1,21.9,28,18.7,22.7,18.3,33,0.0,253
1681748597.0,997.1,997.3,997.1,21.9,28,18.7,22.7,18.3,32,0.8940545373267769,290
1681748607.0,997.1,997.3,997.1,21.9,28,18.7,22.7,18.3,32,2.235136343316942,283
1681748617.0,997.1,997.3,997.1,21.9,28,18.7,22.7,18.3,32,2.235136343316942,284
1681748627.0,997.1,997.3,997.1,21.9,28,18.7,22.7,18.3,32,2.235136343316942,262
1681748637.0,997.1,997.3,997.1,21.9,28,18.7,22.7,18.3,32,1.7881090746535537,260
1681748647.0,997.3,997.3,997.1,22.0,25,18.6,22.7,18.3,30,1.3410818059901652,264
1681748657.0,997.3,997.3,997.1,22.0,25,18.6,22.7,18.3,30,0.8940545373267769,259
1681748667.0,997.3,997.3,997.1,22.0,25,18.6,22.7,18.3,30,1.3410818059901652,273
1681748677.0,997.3,997.3,997.1,22.0,25,18.6,22.7,18.3,30,2.6821636119803305,250
1681748687.0,997.3,997.3,997.1,22.0,25,18.5,22.7,18.3,30,3.5762181493071075,252
1681748697.0,997.3,997.3,997.1,22.0,25,18.4,22.7,18.3,30,3.129190880643719,264
1681748707.0,997.2,997.3,997.1,21.9,25,18.4,22.7,18.3,29,2.6821636119803305,269
1681748717.0,997.2,997.3,997.1,21.9,25,18.4,22.7,18.3,29,1.3410818059901652,284
1681748727.0,997.2,997.3,997.1,21.9,25,18.3,22.7,18.3,29,1.7881090746535537,284
1681748737.0,997.2,997.3,997.1,21.9,25,18.3,22.7,18.3,29,1.7881090746535537,281
1681748747.0,997.2,997.3,997.1,21.9,25,18.2,22.7,18.2,29,1.3410818059901652,300
1681748757.0,997.2,997.3,997.1,21.9,25,18.2,22.7,18.2,31,1.7881090746535537,270
1681748767.0,997.3,997.3,997.1,21.6,26,18.2,22.7,18.2,31,1.3410818059901652,283
1681748777.0,997.3,997.3,997.1,21.6,26,18.1,22.7,18.1,31,1.3410818059901652,269
1681748787.0,997.3,997.3,997.1,21.6,26,18.1,22.7,18.1,31,0.8940545373267769,262
1681748797.0,997.3,997.3,997.1,21.6,26,18.0,22.7,18.0,31,1.3410818059901652,256
1681748807.0,997.3,997.3,997.1,21.6,26,18.0,22.7,18.0,30,0.8940545373267769,255
1681748817.0,997.3,997.3,997.1,21.6,26,17.9,22.7,17.9,30,1.3410818059901652,252
1681748827.0,997.3,997.3,997.1,21.3,26,17.9,22.7,17.9,30,0.8940545373267769,278
1681748837.0,997.3,997.3,997.1,21.3,26,17.9,22.7,17.9,30,0.44702726866338843,250
1681748847.0,997.3,997.3,997.1,21.3,26,17.8,22.7,17.8,30,0.44702726866338843,259
1681748857.0,997.3,997.3,997.1,21.3,26,17.8,22.7,17.8,34,0.44702726866338843,291
1681748867.0,997.3,997.3,997.1,21.3,26,17.8,22.7,17.8,34,0.44702726866338843,233
1681748877.0,997.3,997.3,997.1,21.3,26,17.8,22.7,17.8,34,0.44702726866338843,200
1681748887.0,997.2,997.3,997.1,21.1,26,17.8,22.7,17.8,34,0.0,118
1681748897.0,997.2,997.3,997.1,21.1,26,17.8,22.7,17.8,34,0.44702726866338843,150
1681748907.0,997.2,997.3,997.1,21.1,26,17.8,22.7,17.8,34,0.0,193
1681748917.0,997.2,997.3,997.1,21.1,26,17.8,22.7,17.8,32,0.0,214
1681748927.0,997.2,997.3,997.1,21.1,26,17.8,22.7,17.8,32,0.0,215
1681748937.0,997.2,997.3,997.1,21.1,26,17.8,22.7,17.8,32,0.0,287
1681748947.0,997.3,997.3,997.1,20.9,27,17.8,22.7,17.8,32,0.8940545373267769,276
1681748957.0,997.3,997.3,997.1,20.9,27,17.8,22.7,17.8,32,0.44702726866338843,271
1681748967.0,997.3,997.3,997.1,20.9,27,17.8,22.7,17.8,36,0.44702726866338843,266
1681748977.0,997.3,997.3,997.1,20.9,27,17.8,22.7,17.8,36,0.44702726866338843,261
1681748987.0,997.3,997.3,997.1,20.9,27,17.8,22.7,17.8,36,0.8940545373267769,245
1681748997.0,997.3,997.3,997.1,20.9,27,17.8,22.7,17.8,36,1.3410818059901652,302
1681749007.0,997.3,997.3,997.1,20.9,27,17.9,22.7,17.8,36,0.8940545373267769,255
1681749017.0,997.3,997.3,997.1,20.9,27,17.9,22.7,17.8,32,1.7881090746535537,265
1681749027.0,997.3,997.3,997.1,20.9,27,17.9,22.7,17.8,32,2.235136343316942,285
1681749037.0,997.3,997.3,997.1,20.9,27,17.9,22.7,17.8,32,2.6821636119803305,286
1681749047.0,997.3,997.3,997.1,20.9,27,17.9,22.7,17.8,32,3.129190880643719,301
1681749057.0,997.3,997.3,997.1,20.9,27,17.9,22.7,17.8,32,3.129190880643719,280
1681749067.0,997.2,997.3,997.1,20.7,28,17.9,22.7,17.8,30,3.129190880643719,285
1681749077.0,997.2,997.3,997.1,20.7,28,17.9,22.7,17.8,30,3.129190880643719,293
1681749087.0,997.2,997.3,997.1,20.7,28,17.9,22.7,17.8,30,2.6821636119803305,292
1681749097.0,997.2,997.3,997.1,20.7,28,17.9,22.7,17.8,30,2.6821636119803305,259
1681749107.0,997.2,997.3,997.1,20.7,28,17.9,22.7,17.8,30,3.129190880643719,233
1681749117.0,997.2,997.3,997.1,20.7,28,17.9,22.7,17.8,30,3.129190880643719,264
1681749127.0,997.2,997.3,997.1,20.7,26,17.9,22.7,17.8,30,2.235136343316942,283
1681749137.0,997.2,997.3,997.1,20.7,26,17.9,22.7,17.8,30,1.7881090746535537,268
1681749147.0,997.2,997.3,997.1,20.7,26,18.0,22.7,17.8,30,1.3410818059901652,229
1681749157.0,997.2,997.3,997.1,20.7,26,18.0,22.7,17.8,30,0.8940545373267769,219
1681749167.0,997.2,997.3,997.1,20.7,26,18.0,22.7,17.8,30,1.3410818059901652,284
1681749177.0,997.2,997.3,997.1,20.7,26,18.0,22.7,17.8,31,0.8940545373267769,252
1681749187.0,997.1,997.3,997.1,20.6,27,18.0,22.7,17.8,31,0.44702726866338843,219
1681749197.0,997.1,997.3,997.1,20.6,27,18.0,22.7,17.8,31,0.8940545373267769,252
1681749207.0,997.1,997.3,997.1,20.6,27,18.0,22.7,17.8,31,1.7881090746535537,250
1681749217.0,997.1,997.3,997.1,20.6,27,18.0,22.7,17.8,31,1.3410818059901652,238
1681749227.0,997.1,997.3,997.1,20.6,27,18.0,22.7,17.8,31,1.3410818059901652,119
1681749237.0,997.1,997.3,997.1,20.6,27,18.0,22.7,17.8,31,1.7881090746535537,246
1681749247.0,997.3,997.3,997.1,20.6,29,18.0,22.7,17.8,31,1.7881090746535537,264
1681749257.0,997.3,997.3,997.1,20.6,29,18.1,22.7,17.8,31,1.3410818059901652,245
1681749267.0,997.3,997.3,997.1,20.6,29,18.1,22.7,17.8,31,1.7881090746535537,283
1681749277.0,997.3,997.3,997.1,20.6,29,18.1,22.7,17.8,31,2.235136343316942,266
1681749287.0,997.3,997.3,997.1,20.6,29,18.1,22.7,17.8,31,2.235136343316942,274
1681749297.0,997.3,997.3,997.1,20.6,29,18.1,22.7,17.8,31,3.129190880643719,231
1681749307.0,997.2,997.3,997.1,20.6,28,18.1,22.7,17.8,31,2.6821636119803305,247
1681749317.0,997.2,997.3,997.1,20.6,28,18.1,22.7,17.8,31,1.3410818059901652,252
1681749327.0,997.2,997.3,997.1,20.6,28,18.1,22.7,17.8,31,1.7881090746535537,278
1681749337.0,997.2,997.3,997.1,20.6,28,18.1,22.7,17.8,31,2.235136343316942,268
1681749347.0,997.2,997.3,997.1,20.6,28,18.1,22.7,17.8,31,1.7881090746535537,249
1681749357.0,997.2,997.3,997.1,20.6,28,18.1,22.7,17.8,31,2.235136343316942,256
1681749367.0,997.1,997.3,997.1,20.6,32,18.2,22.7,17.8,31,2.235136343316942,240
1681749377.0,997.1,997.3,997.1,20.6,32,18.2,22.7,17.8,31,1.3410818059901652,151
1681749387.0,997.1,997.3,997.1,20.6,32,18.2,22.7,17.8,34,1.3410818059901652,252
1681749397.0,997.1,997.3,997.1,20.6,32,18.3,22.7,17.8,34,1.3410818059901652,229
1681749407.0,997.1,997.3,997.1,20.6,32,18.3,22.7,17.8,34,2.235136343316942,266
1681749417.0,997.1,997.3,997.1,20.6,32,18.3,22.7,17.8,34,1.7881090746535537,278
1681749427.0,997.4,997.4,997.1,20.6,29,18.4,22.7,17.8,34,1.3410818059901652,238
1681749437.0,997.4,997.4,997.1,20.6,29,18.4,22.7,17.8,36,2.6821636119803305,269
1681749447.0,997.4,997.4,997.1,20.6,29,18.5,22.7,17.8,36,3.129190880643719,255
1681749457.0,997.4,997.4,997.1,20.6,29,18.5,22.7,17.8,36,2.235136343316942,256
1681749467.0,997.4,997.4,997.1,20.6,29,18.6,22.7,17.8,36,1.3410818059901652,264
1681749477.0,997.4,997.4,997.1,20.6,29,18.6,22.7,17.8,36,2.235136343316942,253
1681749487.0,997.3,997.4,997.1,20.7,29,18.6,22.7,17.8,36,1.7881090746535537,249
1681749497.0,997.3,997.4,997.1,20.7,29,18.6,22.7,17.8,36,1.7881090746535537,272
1681749507.0,997.3,997.4,997.1,20.7,29,18.6,22.7,17.8,36,1.3410818059901652,286
1681749517.0,997.3,997.4,997.1,20.7,29,18.7,22.7,17.8,36,2.235136343316942,243
1681749527.0,997.3,997.4,997.1,20.7,29,18.7,22.7,17.8,36,1.3410818059901652,254
1681749537.0,997.3,997.4,997.1,20.7,29,18.7,22.7,17.8,36,1.3410818059901652,274
1681749547.0,997.2,997.4,997.1,20.7,27,18.7,22.7,17.8,31,1.3410818059901652,270
1681749557.0,997.2,997.4,997.1,20.7,27,18.7,22.7,17.8,31,1.7881090746535537,284
1681749567.0,997.2,997.4,997.1,20.7,27,18.7,22.7,17.8,31,1.7881090746535537,302
1681749577.0,997.2,997.4,997.1,20.7,27,18.7,22.7,17.8,31,2.235136343316942,274
1681749587.0,997.2,997.4,997.1,20.7,27,18.7,22.7,17.8,31,0.8940545373267769,289
1681749597.0,997.2,997.4,997.1,20.7,27,18.7,22.7,17.8,31,2.235136343316942,285
1681749607.0,997.3,997.4,997.1,20.7,31,18.6,22.7,17.8,31,2.6821636119803305,283
1681749617.0,997.3,997.4,997.1,20.7,31,18.6,22.7,17.8,31,2.235136343316942,294
1681749627.0,997.3,997.4,997.1,20.7,31,18.6,22.7,17.8,31,1.7881090746535537,271
1681749637.0,997.3,997.4,997.1,20.7,31,18.6,22.7,17.8,31,1.3410818059901652,285
1681749647.0,997.3,997.4,997.1,20.7,31,18.6,22.7,17.8,33,1.7881090746535537,281
1681749657.0,997.3,997.4,997.1,20.7,31,18.5,22.7,17.8,33,1.7881090746535537,297
1681749667.0,997.1,997.4,997.1,20.6,28,18.5,22.7,17.8,33,2.235136343316942,266
1681749677.0,997.1,997.4,997.1,20.6,28,18.5,22.7,17.8,33,3.5762181493071075,248
1681749687.0,997.1,997.4,997.1,20.6,28,18.5,22.7,17.8,33,2.235136343316942,255
1681749697.0,997.1,997.4,997.1,20.6,28,18.5,22.7,17.8,32,1.3410818059901652,252
1681749707.0,997.1,997.4,997.1,20.6,28,18.5,22.7,17.8,32,1.7881090746535537,277
1681749717.0,997.1,997.4,997.1,20.6,28,18.5,22.7,17.8,32,2.235136343316942,272
1681749727.0,997.3,997.4,997.1,20.6,29,18.4,22.7,17.8,32,2.235136343316942,288
1681749737.0,997.3,997.4,997.1,20.6,29,18.4,22.7,17.8,32,1.7881090746535537,277
1681749747.0,997.3,997.4,997.1,20.6,29,18.4,22.7,17.8,32,2.235136343316942,264
1681749757.0,997.3,997.4,997.1,20.6,29,18.4,22.7,17.8,33,2.6821636119803305,245
1681749767.0,997.3,997.4,997.1,20.6,29,18.3,22.7,17.8,33,3.129190880643719,252
1681749777.0,997.3,997.4,997.1,20.6,29,18.3,22.7,17.8,33,2.235136343316942,251
1681749787.0,997.1,997.4,997.1,20.4,27,18.3,22.7,17.8,33,1.7881090746535537,253
1681749797.0,997.1,997.4,997.1,20.4,27,18.3,22.7,17.8,33,1.7881090746535537,227
1681749807.0,997.1,997.4,997.1,20.4,27,18.3,22.7,17.8,30,1.3410818059901652,231
1681749817.0,997.1,997.4,997.1,20.4,27,18.2,22.7,17.8,30,1.3410818059901652,230
1681749827.0,997.1,997.4,997.1,20.4,27,18.3,22.7,17.8,30,0.8940545373267769,255
1681749837.0,997.1,997.4,997.1,20.4,27,18.2,22.7,17.8,30,1.7881090746535537,243
1681749847.0,997.0,997.4,997.0,20.4,27,18.2,22.7,17.8,30,1.7881090746535537,252
1681749857.0,997.0,997.4,997.0,20.4,27,18.2,22.7,17.8,31,1.3410818059901652,255
1681749867.0,997.0,997.4,997.0,20.4,27,18.2,22.7,17.8,31,0.8940545373267769,250
1681749877.0,997.0,997.4,997.0,20.4,27,18.2,22.7,17.8,31,0.0,288
1681749887.0,997.0,997.4,997.0,20.4,27,18.2,22.7,17.8,31,0.0,266
1681749897.0,997.0,997.4,997.0,20.4,27,18.2,22.7,17.8,31,0.44702726866338843,291
1681749907.0,997.2,997.4,997.0,20.4,28,18.2,22.7,17.8,31,0.0,264
1681749917.0,997.2,997.4,997.0,20.4,28,18.2,22.7,17.8,31,0.44702726866338843,278
1681749927.0,997.2,997.4,997.0,20.4,28,18.2,22.7,17.8,31,0.44702726866338843,266
1681749937.0,997.2,997.4,997.0,20.4,28,18.2,22.7,17.8,31,1.3410818059901652,238
1681749947.0,997.2,997.4,997.0,20.4,28,18.2,22.7,17.8,31,0.8940545373267769,238
1681749957.0,997.2,997.4,997.0,20.4,28,18.2,22.7,17.8,31,0.44702726866338843,233
1681749967.0,997.1,997.4,997.0,20.6,25,18.2,22.7,17.8,31,0.44702726866338843,202
1681749977.0,997.1,997.4,997.0,20.6,25,18.2,22.7,17.8,31,0.0,190
1681749987.0,997.1,997.4,997.0,20.6,25,18.2,22.7,17.8,31,0.0,150
1681749997.0,997.1,997.4,997.0,20.6,25,18.2,22.7,17.8,31,0.44702726866338843,134
1681750007.0,997.1,997.4,997.0,20.6,25,18.2,22.7,17.8,31,0.44702726866338843,148
1681750017.0,997.1,997.4,997.0,20.6,25,18.2,22.7,17.8,30,0.44702726866338843,121
1681750027.0,997.1,997.4,997.0,20.7,25,18.2,22.7,17.8,30,0.0,155
1681750037.0,997.1,997.4,997.0,20.7,25,18.2,22.7,17.8,30,0.0,134
1681750047.0,997.1,997.4,997.0,20.7,25,18.2,22.7,17.8,30,0.0,134
1681750057.0,997.1,997.4,997.0,20.7,25,18.2,22.7,17.8,30,0.0,128
1681750067.0,997.1,997.4,997.0,20.7,25,18.2,22.7,17.8,31,0.0,266
1681750077.0,997.1,997.4,997.0,20.7,25,18.2,22.7,17.8,31,0.8940545373267769,245
1681750087.0,997.2,997.4,997.0,20.7,28,18.1,22.7,17.8,31,0.44702726866338843,261
1681750097.0,997.2,997.4,997.0,20.7,28,18.2,22.7,17.8,31,0.8940545373267769,278
1681750107.0,997.2,997.4,997.0,20.7,28,18.2,22.7,17.8,31,1.7881090746535537,257
1681750117.0,997.2,997.4,997.0,20.7,28,18.1,22.7,17.8,33,1.3410818059901652,279
1681750127.0,997.2,997.4,997.0,20.7,28,18.1,22.7,17.8,33,1.3410818059901652,294
1681750137.0,997.2,997.4,997.0,20.7,28,18.1,22.7,17.8,33,1.3410818059901652,266
1681750147.0,997.1,997.4,997.0,20.8,30,18.1,22.7,17.8,33,1.3410818059901652,261
1681750157.0,997.1,997.4,997.0,20.8,30,18.1,22.7,17.8,33,1.3410818059901652,289
1681750167.0,997.1,997.4,997.0,20.8,30,18.1,22.7,17.8,33,1.3410818059901652,287
1681750177.0,997.1,997.4,997.0,20.8,30,18.1,22.7,17.8,30,0.8940545373267769,300
1681750187.0,997.1,997.4,997.0,20.8,30,18.1,22.7,17.8,30,1.3410818059901652,290
1681750197.0,997.1,997.4,997.0,20.8,30,18.1,22.7,17.8,30,0.8940545373267769,288
1681750207.0,997.1,997.4,997.0,20.8,27,18.1,22.7,17.8,30,2.6821636119803305,259
1681750217.0,997.1,997.4,997.0,20.8,27,18.0,22.7,17.8,30,1.3410818059901652,260
1681750227.0,997.1,997.4,997.0,20.8,27,18.0,22.7,17.8,30,1.3410818059901652,271
1681750237.0,997.1,997.4,997.0,20.8,27,18.1,22.7,17.8,30,1.3410818059901652,289
1681750247.0,997.1,997.4,997.0,20.8,27,18.0,22.7,17.8,30,2.235136343316942,287
1681750257.0,997.1,997.4,997.0,20.8,27,18.0,22.7,17.8,30,2.235136343316942,281
1681750267.0,997.1,997.4,997.0,20.7,27,17.9,22.7,17.8,30,1.7881090746535537,278
1681750277.0,997.1,997.4,997.0,20.7,27,17.9,22.7,17.8,30,1.3410818059901652,283
1681750287.0,997.1,997.4,997.0,20.7,27,17.9,22.7,17.8,30,1.7881090746535537,280
1681750297.0,997.1,997.4,997.0,20.7,27,17.9,22.7,17.8,30,1.3410818059901652,267
1681750307.0,997.1,997.4,997.0,20.7,27,17.9,22.7,17.8,30,1.7881090746535537,271
1681750317.0,997.1,997.4,997.0,20.7,27,17.8,22.7,17.8,30,0.8940545373267769,272
1681750327.0,997.0,997.4,997.0,20.6,26,17.8,22.7,17.8,33,0.44702726866338843,288
1681750337.0,997.0,997.4,997.0,20.6,26,17.8,22.7,17.8,33,1.3410818059901652,273
1681750347.0,997.0,997.4,997.0,20.6,26,17.8,22.7,17.8,33,1.7881090746535537,262
1681750357.0,997.0,997.4,997.0,20.6,26,17.8,22.7,17.8,33,2.6821636119803305,228
1681750367.0,997.0,997.4,997.0,20.6,26,17.8,22.7,17.8,33,2.235136343316942,242
1681750377.0,997.0,997.4,997.0,20.6,26,17.7,22.7,17.7,33,2.6821636119803305,245
1681750387.0,997.1,997.4,997.0,20.5,26,17.7,22.7,17.7,30,2.235136343316942,231
1681750397.0,997.1,997.4,997.0,20.5,26,17.7,22.7,17.7,30,2.6821636119803305,259
1681750407.0,997.1,997.4,997.0,20.5,26,17.7,22.7,17.7,30,0.8940545373267769,280
1681750417.0,997.1,997.4,997.0,20.5,26,17.7,22.7,17.7,30,2.235136343316942,281
1681750427.0,997.1,997.4,997.0,20.5,26,17.7,22.7,17.7,30,2.235136343316942,273
1681750437.0,997.1,997.4,997.0,20.5,26,17.7,22.7,17.7,32,1.7881090746535537,281
1681750447.0,997.0,997.4,997.0,20.4,29,17.6,22.7,17.6,32,1.7881090746535537,284
1681750457.0,997.0,997.4,997.0,20.4,29,17.6,22.7,17.6,32,1.7881090746535537,266
1681750467.0,997.0,997.4,997.0,20.4,29,17.6,22.7,17.6,32,1.7881090746535537,262
1681750477.0,997.0,997.4,997.0,20.4,29,17.6,22.7,17.6,32,1.7881090746535537,234
1681750487.0,997.0,997.4,997.0,20.4,29,17.6,22.7,17.6,32,1.7881090746535537,284
1681750497.0,997.0,997.4,997.0,20.4,29,17.6,22.7,17.6,32,2.6821636119803305,274
1681750507.0,997.0,997.4,997.0,20.2,27,17.6,22.7,17.6,32,2.235136343316942,283
1681750517.0,997.0,997.4,997.0,20.2,27,17.5,22.7,17.5,32,1.7881090746535537,245
1681750527.0,997.0,997.4,997.0,20.2,27,17.5,22.7,17.5,32,1.7881090746535537,280
1681750537.0,997.0,997.4,997.0,20.2,27,17.5,22.7,17.5,33,1.3410818059901652,275
1681750547.0,997.0,997.4,997.0,20.2,27,17.4,22.7,17.4,33,2.235136343316942,285
1681750557.0,997.0,997.4,997.0,20.2,27,17.4,22.7,17.4,33,1.7881090746535537,290
1681750567.0,997.0,997.4,997.0,19.9,28,17.4,22.7,17.4,33,2.235136343316942,294
1681750577.0,997.0,997.4,997.0,19.9,28,17.4,22.7,17.4,33,2.6821636119803305,281
1681750587.0,997.0,997.4,997.0,19.9,28,17.4,22.7,17.4,33,2.235136343316942,271
1681750597.0,997.0,997.4,997.0,19.9,28,17.4,22.7,17.4,32,1.7881090746535537,302
1681750607.0,997.0,997.4,997.0,19.9,28,17.4,22.7,17.4,32,3.5762181493071075,291
1681750617.0,997.0,997.4,997.0,19.9,28,17.4,22.7,17.4,32,3.129190880643719,268
1681750627.0,997.0,997.4,997.0,19.7,30,17.4,22.7,17.4,32,2.235136343316942,255
1681750637.0,997.0,997.4,997.0,19.7,30,17.4,22.7,17.4,32,2.235136343316942,237
1681750647.0,997.0,997.4,997.0,19.7,30,17.4,22.7,17.4,32,1.7881090746535537,268
1681750657.0,997.0,997.4,997.0,19.7,30,17.4,22.7,17.4,32,2.6821636119803305,257
1681750667.0,997.0,997.4,997.0,19.7,30,17.4,22.7,17.4,32,2.235136343316942,270
1681750677.0,997.0,997.4,997.0,19.7,30,17.4,22.7,17.4,32,2.6821636119803305,254
1681750687.0,997.2,997.4,997.0,19.7,28,17.4,22.7,17.4,32,1.7881090746535537,269
1681750697.0,997.2,997.4,997.0,19.7,28,17.4,22.7,17.4,32,1.7881090746535537,243
1681750707.0,997.2,997.4,997.0,19.7,28,17.4,22.7,17.4,32,0.8940545373267769,271
1681750717.0,997.2,997.4,997.0,19.7,28,17.4,22.7,17.4,32,1.3410818059901652,298
1681750727.0,997.2,997.4,997.0,19.7,28,17.4,22.7,17.4,32,1.3410818059901652,215
1681750737.0,997.2,997.4,997.0,19.7,28,17.4,22.7,17.4,32,1.3410818059901652,255
1681750747.0,997.0,997.4,997.0,19.6,30,17.4,22.7,17.4,32,0.8940545373267769,293
1681750757.0,997.0,997.4,997.0,19.6,30,17.4,22.7,17.4,32,1.3410818059901652,279
1681750767.0,997.0,997.4,997.0,19.6,30,17.4,22.7,17.4,32,0.8940545373267769,272
1681750777.0,997.0,997.4,997.0,19.6,30,17.4,22.7,17.4,32,0.8940545373267769,297
1681750787.0,997.0,997.4,997.0,19.6,30,17.5,22.7,17.4,32,1.3410818059901652,256
1681750797.0,997.0,997.4,997.0,19.6,30,17.5,22.7,17.4,32,0.8940545373267769,260
1681750807.0,997.0,997.4,997.0,19.6,31,17.5,22.7,17.4,33,1.3410818059901652,236
1681750817.0,997.0,997.4,997.0,19.6,31,17.6,22.7,17.4,33,3.129190880643719,254
1681750827.0,997.0,997.4,997.0,19.6,31,17.6,22.7,17.4,33,2.6821636119803305,257
1681750837.0,997.0,997.4,997.0,19.6,31,17.6,22.7,17.4,33,3.129190880643719,259
1681750847.0,997.0,997.4,997.0,19.6,31,17.6,22.7,17.4,33,4.023245417970496,260
1681750857.0,997.0,997.4,997.0,19.6,31,17.6,22.7,17.4,31,3.129190880643719,250
1681750867.0,996.9,997.4,996.9,19.6,30,17.6,22.7,17.4,31,2.6821636119803305,254
1681750877.0,996.9,997.4,996.9,19.6,30,17.7,22.7,17.4,31,3.129190880643719,262
1681750887.0,996.9,997.4,996.9,19.6,30,17.7,22.7,17.4,31,3.5762181493071075,261
1681750897.0,996.9,997.4,996.9,19.6,30,17.7,22.7,17.4,31,2.6821636119803305,248
1681750907.0,996.9,997.4,996.9,19.6,30,17.7,22.7,17.4,30,1.7881090746535537,235
1681750917.0,996.9,997.4,996.9,19.6,30,17.7,22.7,17.4,30,1.7881090746535537,252
1681750927.0,996.9,997.4,996.9,19.6,27,17.8,22.7,17.4,30,3.129190880643719,249
1681750937.0,996.9,997.4,996.9,19.6,27,17.8,22.7,17.4,30,1.3410818059901652,162
1681750947.0,996.9,997.4,996.9,19.6,27,17.8,22.7,17.4,30,0.44702726866338843,232
1681750957.0,996.9,997.4,996.9,19.6,27,17.8,22.7,17.4,32,0.8940545373267769,245
1681750967.0,996.9,997.4,996.9,19.6,27,17.9,22.7,17.4,32,1.7881090746535537,241
1681750977.0,996.9,997.4,996.9,19.6,27,17.9,22.7,17.4,32,1.3410818059901652,278
1681750987.0,997.1,997.4,996.9,19.7,29,18.0,22.7,17.4,32,1.7881090746535537,283
1681750997.0,997.1,997.4,996.9,19.7,29,18.0,22.7,17.4,32,1.3410818059901652,271
1681751007.0,997.1,997.4,996.9,19.7,29,18.0,22.7,17.4,32,0.8940545373267769,259
1681751017.0,997.1,997.4,996.9,19.7,29,18.0,22.7,17.4,30,1.3410818059901652,247
1681751027.0,997.1,997.4,996.9,19.7,29,18.0,22.7,17.4,30,1.3410818059901652,214
1681751037.0,997.1,997.4,996.9,19.7,29,18.0,22.7,17.4,30,0.8940545373267769,252
1681751047.0,996.9,997.4,996.9,19.9,26,18.0,22.7,17.4,30,0.44702726866338843,269
1681751057.0,996.9,997.4,996.9,19.9,26,18.1,22.7,17.4,30,1.7881090746535537,270
1681751067.0,996.9,997.4,996.9,19.9,26,18.1,22.7,17.4,33,2.6821636119803305,281
1681751077.0,996.9,997.4,996.9,19.9,26,18.1,22.7,17.4,33,2.6821636119803305,289
1681751087.0,996.9,997.4,996.9,19.9,26,18.1,22.7,17.4,33,2.6821636119803305,284
1681751097.0,996.9,997.4,996.9,19.9,26,18.1,22.7,17.4,33,1.3410818059901652,288
1681751107.0,996.9,997.4,996.9,20.0,28,18.0,22.7,17.4,33,1.3410818059901652,275
1681751117.0,996.9,997.4,996.9,20.0,28,18.0,22.7,17.4,34,1.3410818059901652,266
1681751127.0,996.9,997.4,996.9,20.0,28,18.0,22.7,17.4,34,0.8940545373267769,296
1681751137.0,996.9,997.4,996.9,20.0,28,18.1,22.7,17.4,34,1.7881090746535537,268
1681751147.0,996.9,997.4,996.9,20.0,28,18.1,22.7,17.4,34,0.8940545373267769,279
1681751157.0,996.9,997.4,996.9,20.0,28,18.2,22.7,17.4,34,0.8940545373267769,310
1681751167.0,996.9,997.4,996.9,20.1,30,18.2,22.7,17.4,32,1.3410818059901652,303
1681751177.0,996.9,997.4,996.9,20.1,30,18.2,22.7,17.4,32,0.44702726866338843,296
1681751187.0,996.9,997.4,996.9,20.1,30,18.2,22.7,17.4,32,0.44702726866338843,269
1681751197.0,996.9,997.4,996.9,20.1,30,18.2,22.7,17.4,32,0.8940545373267769,261
1681751207.0,996.9,997.4,996.9,20.1,30,18.2,22.7,17.4,32,0.8940545373267769,276
1681751217.0,996.9,997.4,996.9,20.1,30,18.2,22.7,17.4,32,1.3410818059901652,302
1681751227.0,996.9,997.4,996.9,20.4,30,18.2,22.7,17.4,35,0.8940545373267769,284
1681751237.0,996.9,997.4,996.9,20.4,30,18.2,22.7,17.4,35,0.8940545373267769,276
1681751247.0,996.9,997.4,996.9,20.4,30,18.3,22.7,17.4,35,1.7881090746535537,288
1681751257.0,996.9,997.4,996.9,20.4,30,18.3,22.7,17.4,35,0.8940545373267769,269
1681751267.0,996.9,997.4,996.9,20.4,30,18.3,22.7,17.4,35,0.8940545373267769,279
1681751277.0,996.9,997.4,996.9,20.4,30,18.3,22.7,17.4,34,1.7881090746535537,235
1681751287.0,997.0,997.4,996.9,20.6,29,18.3,22.7,17.4,34,1.7881090746535537,264
1681751297.0,997.0,997.4,996.9,20.6,29,18.3,22.7,17.4,34,1.7881090746535537,281
1681751307.0,997.0,997.4,996.9,20.6,29,18.3,22.7,17.4,34,1.7881090746535537,239
1681751317.0,997.0,997.4,996.9,20.6,29,18.3,22.7,17.4,34,1.7881090746535537,240
1681751327.0,997.0,997.4,996.9,20.6,29,18.4,22.7,17.4,31,1.7881090746535537,251
1681751337.0,997.0,997.4,996.9,20.6,29,18.4,22.7,17.4,31,1.7881090746535537,250
1681751347.0,997.0,997.4,996.9,20.6,27,18.4,22.7,17.4,31,0.8940545373267769,288
1681751357.0,997.0,997.4,996.9,20.6,27,18.4,22.7,17.4,31,1.3410818059901652,251
1681751367.0,997.0,997.4,996.9,20.6,27,18.4,22.7,17.4,31,1.7881090746535537,284
1681751377.0,997.0,997.4,996.9,20.6,27,18.4,22.7,17.4,34,2.235136343316942,209
1681751387.0,997.0,997.4,996.9,20.6,27,18.4,22.7,17.4,34,0.44702726866338843,200
1681751397.0,997.0,997.4,996.9,20.6,27,18.4,22.7,17.4,34,1.3410818059901652,256
1681751407.0,997.0,997.4,996.9,20.7,27,18.5,22.7,17.4,34,0.8940545373267769,267
1681751417.0,997.0,997.4,996.9,20.7,27,18.5,22.7,17.4,34,0.44702726866338843,221
1681751427.0,997.0,997.4,996.9,20.7,27,18.5,22.7,17.4,34,0.8940545373267769,248
1681751437.0,997.0,997.4,996.9,20.7,27,18.5,22.7,17.4,31,0.8940545373267769,224
1681751447.0,997.0,997.4,996.9,20.7,27,18.5,22.7,17.4,31,0.0,250
1681751457.0,997.0,997.4,996.9,20.7,27,18.5,22.7,17.4,31,0.44702726866338843,223
1681751467.0,996.9,997.4,996.9,20.9,29,18.6,22.7,17.4,31,0.44702726866338843,236
1681751477.0,996.9,997.4,996.9,20.9,29,18.6,22.7,17.4,31,0.0,243
1681751487.0,996.9,997.4,996.9,20.9,29,18.6,22.7,17.4,31,0.0,253
1681751497.0,996.9,997.4,996.9,20.9,29,18.6,22.7,17.4,31,0.44702726866338843,271
1681751507.0,996.9,997.4,996.9,20.9,29,18.6,22.7,17.4,31,0.8940545373267769,257
1681751517.0,996.9,997.4,996.9,20.9,29,18.6,22.7,17.4,31,0.0,238
1681751527.0,996.6,997.4,996.6,21.5,27,18.6,22.7,17.4,31,0.44702726866338843,261
1681751537.0,996.6,997.4,996.6,21.5,27,18.6,22.7,17.4,30,0.44702726866338843,230
1681751547.0,996.6,997.4,996.6,21.5,27,18.6,22.7,17.4,30,0.44702726866338843,270
1681751557.0,996.6,997.4,996.6,21.5,27,18.6,22.7,17.4,30,1.7881090746535537,268
1681751567.0,996.6,997.4,996.6,21.5,27,18.7,22.7,17.4,30,1.3410818059901652,288
1681751577.0,996.6,997.4,996.6,21.5,27,18.7,22.7,17.4,30,0.44702726866338843,176
1681751587.0,997.0,997.4,996.6,22.7,30,18.7,22.7,17.4,34,0.44702726866338843,226
1681751597.0,997.0,997.4,996.6,22.7,30,18.7,22.7,17.4,34,0.8940545373267769,268
1681751607.0,997.0,997.4,996.6,22.7,30,18.7,22.7,17.4,34,0.44702726866338843,265
1681751617.0,997.0,997.4,996.6,22.7,30,18.8,22.7,17.4,34,0.0,236
1681751627.0,997.0,997.4,996.6,22.7,30,18.8,22.7,17.4,34,0.0,255
1681751637.0,997.0,997.4,996.6,22.7,30,18.8,22.7,17.4,34,0.44702726866338843,227
1681751647.0,996.8,997.4,996.6,25.1,24,18.9,25.1,17.4,32,0.8940545373267769,280
1681751657.0,996.8,997.4,996.6,25.1,24,18.8,25.1,17.4,32,1.3410818059901652,286
1681751667.0,996.8,997.4,996.6,25.1,24,18.9,25.1,17.4,32,1.3410818059901652,244
1681751677.0,996.8,997.4,996.6,25.1,24,18.9,25.1,17.4,32,0.44702726866338843,133
1681751687.0,996.8,997.4,996.6,25.1,24,18.9,25.1,17.4,32,0.44702726866338843,171
1681751697.0,996.8,997.4,996.6,25.1,24,18.9,25.1,17.4,33,0.44702726866338843,155
1681751707.0,996.9,997.4,996.6,27.3,21,19.0,27.3,17.4,33,0.44702726866338843,186
1681751717.0,996.9,997.4,996.6,27.3,21,19.0,27.3,17.4,33,0.8940545373267769,226
1681751727.0,996.9,997.4,996.6,27.3,21,19.1,27.3,17.4,33,0.44702726866338843,284
1681751737.0,996.9,997.4,996.6,27.3,21,19.1,27.3,17.4,33,0.8940545373267769,285
1681751747.0,996.9,997.4,996.6,27.3,21,19.1,27.3,17.4,34,0.44702726866338843,288
1681751757.0,996.9,997.4,996.6,27.3,21,19.2,27.3,17.4,34,1.7881090746535537,268
1681751767.0,996.7,997.4,996.6,29.3,22,19.2,29.3,17.4,34,1.7881090746535537,266
1681751777.0,996.7,997.4,996.6,29.3,22,19.2,29.3,17.4,34,1.3410818059901652,284
1681751787.0,996.7,997.4,996.6,29.3,22,19.2,29.3,17.4,34,0.44702726866338843,264
1681751797.0,996.7,997.4,996.6,29.3,22,19.3,29.3,17.4,35,0.8940545373267769,275
1681751807.0,996.7,997.4,996.6,29.3,22,19.3,29.3,17.4,35,0.8940545373267769,255
1681751817.0,996.7,997.4,996.6,29.3,22,19.3,29.3,17.4,35,0.8940545373267769,243
1681751827.0,996.8,997.4,996.6,31.2,19,19.3,31.2,17.4,35,1.3410818059901652,276
1681751837.0,996.8,997.4,996.6,31.2,19,19.3,31.2,17.4,35,1.3410818059901652,242
1681751847.0,996.8,997.4,996.6,31.2,19,19.3,31.2,17.4,35,1.3410818059901652,262
1681751857.0,996.8,997.4,996.6,31.2,19,19.3,31.2,17.4,33,0.8940545373267769,264
1681751867.0,996.8,997.4,996.6,31.2,19,19.4,31.2,17.4,33,1.3410818059901652,240
1681751877.0,996.8,997.4,996.6,31.2,19,19.4,31.2,17.4,33,1.3410818059901652,262
1681751887.0,996.9,997.4,996.6,32.1,17,19.4,32.1,17.4,33,1.3410818059901652,245
1681751897.0,996.9,997.4,996.6,32.1,17,19.4,32.1,17.4,33,0.44702726866338843,226
1681751907.0,996.9,997.4,996.6,32.1,17,19.4,32.1,17.4,31,1.3410818059901652,285
1681751917.0,996.9,997.4,996.6,32.1,17,19.4,32.1,17.4,31,2.235136343316942,247
1681751927.0,996.9,997.4,996.6,32.1,17,19.4,32.1,17.4,31,0.8940545373267769,264
1681751937.0,996.9,997.4,996.6,32.1,17,19.4,32.1,17.4,31,2.6821636119803305,276
1681751947.0,996.7,997.4,996.6,32.4,16,19.4,32.4,17.4,31,1.7881090746535537,286
1681751957.0,996.7,997.4,996.6,32.4,16,19.4,32.4,17.4,30,1.7881090746535537,271
1681751967.0,996.7,997.4,996.6,32.4,16,19.4,32.4,17.4,30,0.8940545373267769,289
1681751977.0,996.7,997.4,996.6,32.4,16,19.4,32.4,17.4,30,1.7881090746535537,270
1681751987.0,996.7,997.4,996.6,32.4,16,19.3,32.4,17.4,30,1.7881090746535537,259
1681751997.0,996.7,997.4,996.6,32.4,16,19.3,32.4,17.4,30,2.235136343316942,240
1681752007.0,996.8,997.4,996.6,32.3,15,19.3,32.4,17.4,28,2.6821636119803305,254
1681752017.0,996.8,997.4,996.6,32.3,15,19.3,32.4,17.4,28,2.235136343316942,245
1681752027.0,996.8,997.4,996.6,32.3,15,19.3,32.4,17.4,28,1.3410818059901652,260
1681752037.0,996.8,997.4,996.6,32.3,15,19.2,32.4,17.4,28,0.44702726866338843,248
1681752047.0,996.8,997.4,996.6,32.3,15,19.2,32.4,17.4,28,0.8940545373267769,271
1681752057.0,996.8,997.4,996.6,32.3,15,19.2,32.4,17.4,28,0.8940545373267769,264
1681752067.0,996.7,997.4,996.6,32.5,15,19.2,32.5,17.4,28,0.8940545373267769,261
1681752077.0,996.7,997.4,996.6,32.5,15,19.1,32.5,17.4,28,0.8940545373267769,208
1681752087.0,996.7,997.4,996.6,32.5,15,19.1,32.5,17.4,28,1.7881090746535537,214
1681752097.0,996.7,997.4,996.6,32.5,15,19.1,32.5,17.4,28,1.3410818059901652,255
1681752107.0,996.7,997.4,996.6,32.5,15,19.0,32.5,17.4,28,0.8940545373267769,221
1681752117.0,996.7,997.4,996.6,32.5,15,19.0,32.5,17.4,31,0.8940545373267769,236
1681752127.0,996.7,997.4,996.6,32.1,15,18.9,32.5,17.4,31,1.7881090746535537,251
1681752137.0,996.7,997.4,996.6,32.1,15,18.9,32.5,17.4,31,1.3410818059901652,276
1681752147.0,996.7,997.4,996.6,32.1,15,18.9,32.5,17.4,31,1.7881090746535537,287
1681752157.0,996.7,997.4,996.6,32.1,15,18.8,32.5,17.4,31,2.235136343316942,247
1681752167.0,996.7,997.4,996.6,32.1,15,18.8,32.5,17.4,29,1.7881090746535537,255
1681752177.0,996.7,997.4,996.6,32.1,15,18.7,32.5,17.4,29,1.3410818059901652,266
1681752187.0,996.7,997.4,996.6,30.7,16,18.7,32.5,17.4,29,1.7881090746535537,290
1681752197.0,996.7,997.4,996.6,30.7,16,18.6,32.5,17.4,29,1.3410818059901652,291
1681752207.0,996.7,997.4,996.6,30.7,16,18.6,32.5,17.4,29,1.3410818059901652,298
1681752217.0,996.7,997.4,996.6,30.7,16,18.6,32.5,17.4,30,0.8940545373267769,288
1681752227.0,996.7,997.4,996.6,30.7,16,18.5,32.5,17.4,30,1.3410818059901652,306
1681752237.0,996.7,997.4,996.6,30.7,16,18.5,32.5,17.4,30,1.7881090746535537,295
1681752247.0,996.7,997.4,996.6,29.3,19,18.5,32.5,17.4,30,1.7881090746535537,311
1681752257.0,996.7,997.4,996.6,29.3,19,18.5,32.5,17.4,30,0.8940545373267769,286
1681752267.0,996.7,997.4,996.6,29.3,19,18.4,32.5,17.4,30,0.8940545373267769,260
1681752277.0,996.7,997.4,996.6,29.3,19,18.4,32.5,17.4,29,0.8940545373267769,243
1681752287.0,996.7,997.4,996.6,29.3,19,18.4,32.5,17.4,29,0.8940545373267769,265
1681752297.0,996.7,997.4,996.6,29.3,19,18.4,32.5,17.4,29,0.44702726866338843,300
1681752307.0,996.6,997.4,996.6,29.6,20,18.4,32.5,17.4,29,0.44702726866338843,284
1681752317.0,996.6,997.4,996.6,29.6,20,18.4,32.5,17.4,29,0.44702726866338843,277
1681752327.0,996.6,997.4,996.6,29.6,20,18.4,32.5,17.4,30,0.8940545373267769,286
1681752337.0,996.6,997.4,996.6,29.6,20,18.4,32.5,17.4,30,0.8940545373267769,246
1681752347.0,996.6,997.4,996.6,29.6,20,18.4,32.5,17.4,30,1.3410818059901652,281
1681752357.0,996.6,997.4,996.6,29.6,20,18.4,32.5,17.4,30,0.8940545373267769,286
1681752367.0,996.7,997.4,996.6,30.4,21,18.5,32.5,17.4,30,2.235136343316942,281
1681752377.0,996.7,997.4,996.6,30.4,21,18.5,32.5,17.4,31,2.235136343316942,288
1681752387.0,996.7,997.4,996.6,30.4,21,18.5,32.5,17.4,31,2.6821636119803305,261
1681752397.0,996.7,997.4,996.6,30.4,21,18.6,32.5,17.4,31,1.3410818059901652,297
1681752407.0,996.7,997.4,996.6,30.4,21,18.6,32.5,17.4,31,1.7881090746535537,272
1681752417.0,996.7,997.4,996.6,30.4,21,18.6,32.5,17.4,31,1.3410818059901652,262
1681752427.0,996.6,997.4,996.6,31.3,19,18.6,32.5,17.4,31,1.7881090746535537,248
1681752437.0,996.6,997.4,996.6,31.3,19,18.6,32.5,17.4,31,0.8940545373267769,275
1681752447.0,996.6,997.4,996.6,31.3,19,18.7,32.5,17.4,31,1.3410818059901652,276
1681752457.0,996.6,997.4,996.6,31.3,19,18.7,32.5,17.4,31,1.7881090746535537,262
1681752467.0,996.6,997.4,996.6,31.3,19,18.7,32.5,17.4,31,0.44702726866338843,209
1681752477.0,996.6,997.4,996.6,31.3,19,18.7,32.5,17.4,31,0.8940545373267769,276
1681752487.0,996.7,997.4,996.6,31.8,16,18.7,32.5,17.4,31,2.6821636119803305,252
1681752497.0,996.7,997.4,996.6,31.8,16,18.7,32.5,17.4,31,2.6821636119803305,262
1681752507.0,996.7,997.4,996.6,31.8,16,18.8,32.5,17.4,31,1.3410818059901652,186
1681752517.0,996.7,997.4,996.6,31.8,16,18.8,32.5,17.4,31,3.129190880643719,267
1681752527.0,996.7,997.4,996.6,31.8,16,18.8,32.5,17.4,31,2.6821636119803305,244
1681752537.0,996.7,997.4,996.6,31.8,16,18.8,32.5,17.4,30,1.7881090746535537,228
1681752547.0,996.8,997.4,996.6,32.0,15,18.8,32.5,17.4,30,0.8940545373267769,243
1681752557.0,996.8,997.4,996.6,32.0,15,18.8,32.5,17.4,30,0.8940545373267769,143
1681752567.0,996.8,997.4,996.6,32.0,15,18.9,32.5,17.4,30,0.44702726866338843,216
1681752577.0,996.8,997.4,996.6,32.0,15,18.9,32.5,17.4,30,0.8940545373267769,269
1681752587.0,996.8,997.4,996.6,32.0,15,18.9,32.5,17.4,31,2.235136343316942,224
1681752597.0,996.8,997.4,996.6,32.0,15,19.0,32.5,17.4,31,1.7881090746535537,238
1681752607.0,996.8,997.4,996.6,31.8,15,18.9,32.5,17.4,31,2.235136343316942,243
1681752637.0,996.8,997.4,996.6,31.8,15,18.9,32.5,17.4,30,2.235136343316942,226
1681752647.0,996.7,997.4,996.6,30.9,16,18.9,32.5,17.4,30,1.7881090746535537,261
1681752677.0,996.7,997.4,996.6,30.9,16,18.9,32.5,17.4,30,1.7881090746535537,263
1681752687.0,996.7,997.4,996.6,30.9,16,18.9,32.5,17.4,30,2.235136343316942,278
1681752697.0,996.7,997.4,996.6,30.9,16,18.9,32.5,17.4,32,1.3410818059901652,289
1681752707.0,996.7,997.4,996.6,30.9,16,18.9,32.5,17.4,32,1.3410818059901652,277
1681752717.0,996.7,997.4,996.6,30.9,16,18.9,32.5,17.4,32,1.7881090746535537,267
1681752727.0,996.5,997.4,996.5,30.9,18,18.9,32.5,17.4,32,1.3410818059901652,243
1681752737.0,996.5,997.4,996.5,30.9,18,18.9,32.5,17.4,32,0.8940545373267769,226
1681752747.0,996.5,997.4,996.5,30.9,18,18.9,32.5,17.4,29,0.8940545373267769,251
1681752757.0,996.5,997.4,996.5,30.9,18,18.8,32.5,17.4,29,1.7881090746535537,164
1681752767.0,996.5,997.4,996.5,30.9,18,18.8,32.5,17.4,29,1.3410818059901652,229
1681752777.0,996.5,997.4,996.5,30.9,18,18.8,32.5,17.4,29,1.3410818059901652,240
1681752787.0,996.8,997.4,996.5,30.3,16,18.8,32.5,17.4,29,0.8940545373267769,282
1681752797.0,996.8,997.4,996.5,30.3,16,18.7,32.5,17.4,31,1.3410818059901652,252
1681752807.0,996.8,997.4,996.5,30.3,16,18.7,32.5,17.4,31,1.3410818059901652,254
1681752817.0,996.8,997.4,996.5,30.3,16,18.7,32.5,17.4,31,1.3410818059901652,227
1681752827.0,996.8,997.4,996.5,30.3,16,18.7,32.5,17.4,31,1.7881090746535537,254
1681752837.0,996.8,997.4,996.5,30.3,16,18.7,32.5,17.4,31,2.6821636119803305,224
1681752847.0,996.8,997.4,996.5,29.9,17,18.7,32.5,17.4,29,1.7881090746535537,214
1681752857.0,996.8,997.4,996.5,29.9,17,18.6,32.5,17.4,29,0.8940545373267769,258
1681752867.0,996.8,997.4,996.5,29.9,17,18.6,32.5,17.4,29,1.3410818059901652,236
1681752877.0,996.8,997.4,996.5,29.9,17,18.5,32.5,17.4,29,2.235136343316942,214
1681752887.0,996.8,997.4,996.5,29.9,17,18.5,32.5,17.4,29,2.235136343316942,245
1681752897.0,996.8,997.4,996.5,29.9,17,18.4,32.5,17.4,29,2.235136343316942,250
1681752907.0,996.9,997.4,996.5,29.2,17,18.4,32.5,17.4,30,1.7881090746535537,255
1681752917.0,996.9,997.4,996.5,29.2,17,18.3,32.5,17.4,30,2.6821636119803305,259
1681752927.0,996.9,997.4,996.5,29.2,17,18.3,32.5,17.4,30,1.3410818059901652,264
1681752937.0,996.9,997.4,996.5,29.2,17,18.3,32.5,17.4,30,0.8940545373267769,252
1681752947.0,996.9,997.4,996.5,29.2,17,18.3,32.5,17.4,30,0.8940545373267769,256
1681752957.0,996.9,997.4,996.5,29.2,17,18.3,32.5,17.4,31,0.8940545373267769,237
1681752967.0,996.8,997.4,996.5,28.3,19,18.2,32.5,17.4,31,1.3410818059901652,285
1681752977.0,996.8,997.4,996.5,28.3,19,18.2,32.5,17.4,31,0.8940545373267769,271
1681752987.0,996.8,997.4,996.5,28.3,19,18.2,32.5,17.4,31,0.44702726866338843,262
1681752997.0,996.8,997.4,996.5,28.3,19,18.2,32.5,17.4,31,0.8940545373267769,151
1681753007.0,996.8,997.4,996.5,28.3,19,18.1,32.5,17.4,31,1.7881090746535537,223
1681753017.0,996.8,997.4,996.5,28.3,19,18.1,32.5,17.4,31,1.3410818059901652,213
1681753027.0,996.6,997.4,996.5,27.3,19,18.1,32.5,17.4,31,1.3410818059901652,276
1681753037.0,996.6,997.4,996.5,27.3,19,18.1,32.5,17.4,31,1.3410818059901652,264
1681753047.0,996.6,997.4,996.5,27.3,19,18.1,32.5,17.4,31,0.44702726866338843,241
1681753057.0,996.6,997.4,996.5,27.3,19,18.0,32.5,17.4,30,0.8940545373267769,223
1681753067.0,996.6,997.4,996.5,27.3,19,17.9,32.5,17.4,30,0.8940545373267769,283
1681753077.0,996.6,997.4,996.5,27.3,19,17.9,32.5,17.4,30,1.7881090746535537,230
1681753087.0,996.7,997.4,996.5,26.7,21,17.9,32.5,17.4,30,0.44702726866338843,274
1681753097.0,996.7,997.4,996.5,26.7,21,17.9,32.5,17.4,30,1.7881090746535537,273
1681753107.0,996.7,997.4,996.5,26.7,21,17.9,32.5,17.4,30,0.44702726866338843,196
1681753117.0,996.7,997.4,996.5,26.7,21,17.9,32.5,17.4,33,1.3410818059901652,219
1681753127.0,996.7,997.4,996.5,26.7,21,17.8,32.5,17.4,33,0.8940545373267769,291
1681753137.0,996.7,997.4,996.5,26.7,21,17.8,32.5,17.4,33,0.8940545373267769,227
1681753147.0,996.5,997.4,996.5,26.2,19,17.9,32.5,17.4,33,0.44702726866338843,155
1681753157.0,996.5,997.4,996.5,26.2,19,17.9,32.5,17.4,33,0.44702726866338843,269
1681753167.0,996.5,997.4,996.5,26.2,19,17.8,32.5,17.4,33,0.8940545373267769,281
1681753177.0,996.5,997.4,996.5,26.2,19,17.8,32.5,17.4,33,1.3410818059901652,297
1681753187.0,996.5,997.4,996.5,26.2,19,17.8,32.5,17.4,33,1.3410818059901652,279
1681753197.0,996.5,997.4,996.5,26.2,19,17.8,32.5,17.4,33,1.7881090746535537,242
1681753207.0,996.7,997.4,996.5,25.8,22,17.8,32.5,17.4,33,1.3410818059901652,229
1681753217.0,996.7,997.4,996.5,25.8,22,17.8,32.5,17.4,32,0.44702726866338843,214
1681753227.0,996.7,997.4,996.5,25.8,22,17.7,32.5,17.4,32,0.0,221
1681753237.0,996.7,997.4,996.5,25.8,22,17.7,32.5,17.4,32,0.0,250
1681753247.0,996.7,997.4,996.5,25.8,22,17.7,32.5,17.4,32,0.0,235
1681753257.0,996.7,997.4,996.5,25.8,22,17.7,32.5,17.4,32,1.3410818059901652,223
1681753267.0,996.6,997.4,996.5,25.4,22,17.7,32.5,17.4,31,1.7881090746535537,250
1681753277.0,996.6,997.4,996.5,25.4,22,17.7,32.5,17.4,31,0.8940545373267769,214
1681753287.0,996.6,997.4,996.5,25.4,22,17.7,32.5,17.4,31,0.8940545373267769,254
1681753297.0,996.6,997.4,996.5,25.4,22,17.7,32.5,17.4,31,1.3410818059901652,266
1681753307.0,996.6,997.4,996.5,25.4,22,17.7,32.5,17.4,31,1.7881090746535537,252
1681753317.0,996.6,997.4,996.5,25.4,22,17.7,32.5,17.4,31,1.7881090746535537,255
1681753327.0,996.8,997.4,996.5,25.0,21,17.7,32.5,17.4,32,0.8940545373267769,262
1681753337.0,996.8,997.4,996.5,25.0,21,17.6,32.5,17.4,32,1.3410818059901652,244
1681753347.0,996.8,997.4,996.5,25.0,21,17.7,32.5,17.4,32,2.235136343316942,252
1681753357.0,996.8,997.4,996.5,25.0,21,17.6,32.5,17.4,32,1.3410818059901652,252
1681753367.0,996.8,997.4,996.5,25.0,21,17.6,32.5,17.4,32,1.3410818059901652,264
1681753377.0,996.8,997.4,996.5,25.0,21,17.6,32.5,17.4,32,0.8940545373267769,259
1681753387.0,996.7,997.4,996.5,24.4,22,17.6,32.5,17.4,32,1.3410818059901652,264
1681753397.0,996.7,997.4,996.5,24.4,22,17.6,32.5,17.4,32,1.3410818059901652,249
1681753407.0,996.7,997.4,996.5,24.4,22,17.6,32.5,17.4,32,1.3410818059901652,245
1681753417.0,996.7,997.4,996.5,24.4,22,17.6,32.5,17.4,32,1.3410818059901652,261
1681753427.0,996.7,997.4,996.5,24.4,22,17.6,32.5,17.4,32,1.3410818059901652,235
1681753437.0,996.7,997.4,996.5,24.4,22,17.6,32.5,17.4,32,0.8940545373267769,251
1681753447.0,996.7,997.4,996.5,24.3,23,17.6,32.5,17.4,32,1.3410818059901652,246
1681753457.0,996.7,997.4,996.5,24.3,23,17.6,32.5,17.4,32,0.44702726866338843,205
1681753467.0,996.7,997.4,996.5,24.3,23,17.6,32.5,17.4,32,0.44702726866338843,263
1681753477.0,996.7,997.4,996.5,24.3,23,17.6,32.5,17.4,32,1.3410818059901652,264
1681753487.0,996.7,997.4,996.5,24.3,23,17.6,32.5,17.4,32,1.7881090746535537,285
1681753497.0,996.7,997.4,996.5,24.3,23,17.6,32.5,17.4,32,1.3410818059901652,255
1681753507.0,996.6,997.4,996.5,24.1,22,17.6,32.5,17.4,32,0.8940545373267769,257
1681753517.0,996.6,997.4,996.5,24.1,22,17.6,32.5,17.4,32,0.44702726866338843,271
1681753527.0,996.6,997.4,996.5,24.1,22,17.6,32.5,17.4,32,0.8940545373267769,229
1681753537.0,996.6,997.4,996.5,24.1,22,17.6,32.5,17.4,34,2.235136343316942,255
1681753547.0,996.6,997.4,996.5,24.1,22,17.6,32.5,17.4,34,1.3410818059901652,215
1681753557.0,996.6,997.4,996.5,24.1,22,17.6,32.5,17.4,34,0.8940545373267769,209
1681753567.0,996.5,997.4,996.5,24.1,22,17.6,32.5,17.4,34,0.44702726866338843,210
1681753577.0,996.5,997.4,996.5,24.1,22,17.6,32.5,17.4,34,0.44702726866338843,131
1681753587.0,996.5,997.4,996.5,24.1,22,17.6,32.5,17.4,32,0.44702726866338843,221
1681753597.0,996.5,997.4,996.5,24.1,22,17.6,32.5,17.4,32,0.44702726866338843,240
1681753607.0,996.5,997.4,996.5,24.1,22,17.6,32.5,17.4,32,0.8940545373267769,212
1681753617.0,996.5,997.4,996.5,24.1,22,17.6,32.5,17.4,32,0.44702726866338843,203
1681753627.0,996.7,997.4,996.5,24.0,24,17.6,32.5,17.4,32,0.0,110
1681753637.0,996.7,997.4,996.5,24.0,24,17.6,32.5,17.4,33,0.0,246
1681753647.0,996.7,997.4,996.5,24.0,24,17.6,32.5,17.4,33,1.7881090746535537,255
1681753657.0,996.7,997.4,996.5,24.0,24,17.6,32.5,17.4,33,0.8940545373267769,230
1681753667.0,996.7,997.4,996.5,24.0,24,17.7,32.5,17.4,33,0.8940545373267769,219
1681753677.0,996.7,997.4,996.5,24.0,24,17.7,32.5,17.4,33,0.8940545373267769,265
1681753687.0,996.5,997.4,996.5,24.3,22,17.7,32.5,17.4,32,0.44702726866338843,185
1681753697.0,996.5,997.4,996.5,24.3,22,17.7,32.5,17.4,32,0.44702726866338843,264
1681753707.0,996.5,997.4,996.5,24.3,22,17.7,32.5,17.4,32,0.8940545373267769,226
1681753717.0,996.5,997.4,996.5,24.3,22,17.7,32.5,17.4,32,0.44702726866338843,11
1681753727.0,996.5,997.4,996.5,24.3,22,17.7,32.5,17.4,32,1.7881090746535537,276
1681753737.0,996.5,997.4,996.5,24.3,22,17.7,32.5,17.4,32,1.7881090746535537,271
1681753747.0,996.5,997.4,996.5,24.6,24,17.8,32.5,17.4,32,1.3410818059901652,273
1681753757.0,996.5,997.4,996.5,24.6,24,17.7,32.5,17.4,32,1.3410818059901652,257
1681753767.0,996.5,997.4,996.5,24.6,24,17.7,32.5,17.4,32,0.8940545373267769,290
1681753777.0,996.5,997.4,996.5,24.6,24,17.8,32.5,17.4,32,0.44702726866338843,248
1681753787.0,996.5,997.4,996.5,24.6,24,17.8,32.5,17.4,32,0.0,283
1681753797.0,996.5,997.4,996.5,24.6,24,17.8,32.5,17.4,34,1.3410818059901652,292
1681753807.0,996.5,997.4,996.5,24.9,24,17.8,32.5,17.4,34,1.7881090746535537,280
1681753817.0,996.5,997.4,996.5,24.9,24,17.8,32.5,17.4,34,1.7881090746535537,266
1681753827.0,996.5,997.4,996.5,24.9,24,17.8,32.5,17.4,34,1.3410818059901652,277
1681753837.0,996.5,997.4,996.5,24.9,24,17.8,32.5,17.4,34,1.3410818059901652,280
1681753847.0,996.5,997.4,996.5,24.9,24,17.8,32.5,17.4,33,1.3410818059901652,264
1681753857.0,996.5,997.4,996.5,24.9,24,17.8,32.5,17.4,33,0.8940545373267769,279
1681753867.0,996.4,997.4,996.4,25.4,25,17.8,32.5,17.4,33,0.8940545373267769,255
1681753877.0,996.4,997.4,996.4,25.4,25,17.9,32.5,17.4,33,1.7881090746535537,278
1681753887.0,996.4,997.4,996.4,25.4,25,17.9,32.5,17.4,33,1.3410818059901652,282
1681753897.0,996.4,997.4,996.4,25.4,25,17.8,32.5,17.4,33,0.8940545373267769,271
1681753907.0,996.4,997.4,996.4,25.4,25,17.9,32.5,17.4,33,0.8940545373267769,260
1681753917.0,996.4,997.4,996.4,25.4,25,17.9,32.5,17.4,33,0.8940545373267769,300
1681753927.0,996.3,997.4,996.3,26.1,24,17.9,32.5,17.4,33,2.6821636119803305,283
1681753937.0,996.3,997.4,996.3,26.1,24,17.9,32.5,17.4,33,1.3410818059901652,263
1681753947.0,996.3,997.4,996.3,26.1,24,17.9,32.5,17.4,33,1.3410818059901652,179
1681753957.0,996.3,997.4,996.3,26.1,24,18.0,32.5,17.4,35,1.3410818059901652,245
1681753967.0,996.3,997.4,996.3,26.1,24,18.0,32.5,17.4,35,1.7881090746535537,223
1681753977.0,996.3,997.4,996.3,26.1,24,17.9,32.5,17.4,35,1.7881090746535537,238
1681753987.0,996.3,997.4,996.3,26.2,20,18.0,32.5,17.4,35,1.3410818059901652,226
1681753997.0,996.3,997.4,996.3,26.2,20,18.0,32.5,17.4,35,1.7881090746535537,245
1681754007.0,996.3,997.4,996.3,26.2,20,18.0,32.5,17.4,31,0.8940545373267769,276
1681754017.0,996.3,997.4,996.3,26.2,20,18.0,32.5,17.4,31,0.8940545373267769,264
1681754027.0,996.3,997.4,996.3,26.2,20,18.0,32.5,17.4,31,1.7881090746535537,260
1681754037.0,996.3,997.4,996.3,26.2,20,18.1,32.5,17.4,31,1.7881090746535537,283
1681754047.0,996.3,997.4,996.3,26.1,22,18.0,32.5,17.4,31,3.129190880643719,233
1681754057.0,996.3,997.4,996.3,26.1,22,18.1,32.5,17.4,33,1.7881090746535537,250
1681754067.0,996.3,997.4,996.3,26.1,22,18.1,32.5,17.4,33,0.8940545373267769,248
1681754077.0,996.3,997.4,996.3,26.1,22,18.1,32.5,17.4,33,2.6821636119803305,248
1681754087.0,996.3,997.4,996.3,26.1,22,18.2,32.5,17.4,33,2.6821636119803305,266
1681754097.0,996.3,997.4,996.3,26.1,22,18.2,32.5,17.4,33,1.3410818059901652,252
1681754107.0,996.3,997.4,996.3,26.6,21,18.2,32.5,17.4,34,1.7881090746535537,279
1681754117.0,996.3,997.4,996.3,26.6,21,18.2,32.5,17.4,34,3.5762181493071075,259
1681754127.0,996.3,997.4,996.3,26.6,21,18.3,32.5,17.4,34,1.7881090746535537,216
1681754137.0,996.3,997.4,996.3,26.6,21,18.3,32.5,17.4,34,2.6821636119803305,255
1681754147.0,996.3,997.4,996.3,26.6,21,18.3,32.5,17.4,34,2.6821636119803305,236
1681754157.0,996.3,997.4,996.3,26.6,21,18.3,32.5,17.4,34,2.235136343316942,238
1681754167.0,996.3,997.4,996.3,27.4,20,18.4,32.5,17.4,32,1.7881090746535537,258
1681754177.0,996.3,997.4,996.3,27.4,20,18.4,32.5,17.4,32,2.6821636119803305,273
1681754187.0,996.3,997.4,996.3,27.4,20,18.4,32.5,17.4,32,2.235136343316942,278
1681754197.0,996.3,997.4,996.3,27.4,20,18.5,32.5,17.4,32,2.235136343316942,269
1681754207.0,996.3,997.4,996.3,27.4,20,18.6,32.5,17.4,32,0.8940545373267769,252
1681754217.0,996.3,997.4,996.3,27.4,20,18.6,32.5,17.4,36,1.7881090746535537,214
1681754227.0,996.3,997.4,996.3,28.3,20,18.6,32.5,17.4,36,2.235136343316942,229
1681754237.0,996.3,997.4,996.3,28.3,20,18.7,32.5,17.4,36,3.129190880643719,257
1681754247.0,996.3,997.4,996.3,28.3,20,18.8,32.5,17.4,36,2.6821636119803305,235
1681754257.0,996.3,997.4,996.3,28.3,20,18.8,32.5,17.4,36,0.8940545373267769,262
1681754267.0,996.3,997.4,996.3,28.3,20,18.9,32.5,17.4,32,1.7881090746535537,281
1681754277.0,996.3,997.4,996.3,28.3,20,18.9,32.5,17.4,32,1.3410818059901652,230
1681754287.0,996.4,997.4,996.3,29.1,20,18.9,32.5,17.4,32,1.7881090746535537,219
1681754297.0,996.4,997.4,996.3,29.1,20,19.0,32.5,17.4,32,0.44702726866338843,182
1681754307.0,996.4,997.4,996.3,29.1,20,19.0,32.5,17.4,32,1.7881090746535537,123
1681754317.0,996.4,997.4,996.3,29.1,20,19.1,32.5,17.4,32,0.8940545373267769,134
1681754327.0,996.4,997.4,996.3,29.1,20,19.1,32.5,17.4,32,1.3410818059901652,194
1681754337.0,996.4,997.4,996.3,29.1,20,19.1,32.5,17.4,32,0.8940545373267769,269
1681754347.0,996.1,997.4,996.1,29.6,20,19.2,32.5,17.4,32,1.7881090746535537,219
1681754357.0,996.1,997.4,996.1,29.6,20,19.2,32.5,17.4,32,0.8940545373267769,217
1681754367.0,996.1,997.4,996.1,29.6,20,19.2,32.5,17.4,32,0.0,204
1681754377.0,996.1,997.4,996.1,29.6,20,19.2,32.5,17.4,31,0.0,61
1681754387.0,996.1,997.4,996.1,29.6,20,19.3,32.5,17.4,31,0.0,193
1681754397.0,996.1,997.4,996.1,29.6,20,19.3,32.5,17.4,31,0.0,155
1681754407.0,996.4,997.4,996.1,30.6,19,19.3,32.5,17.4,31,0.44702726866338843,224
1681754417.0,996.4,997.4,996.1,30.6,19,19.3,32.5,17.4,31,0.0,185
1681754427.0,996.4,997.4,996.1,30.6,19,19.3,32.5,17.4,31,0.44702726866338843,271
1681754437.0,996.4,997.4,996.1,30.6,19,19.4,32.5,17.4,31,0.8940545373267769,268
1681754447.0,996.4,997.4,996.1,30.6,19,19.4,32.5,17.4,31,1.3410818059901652,243
1681754457.0,996.4,997.4,996.1,30.6,19,19.4,32.5,17.4,31,0.8940545373267769,248
1681754467.0,996.4,997.4,996.1,31.8,18,19.4,32.5,17.4,31,0.8940545373267769,235
1681754477.0,996.4,997.4,996.1,31.8,18,19.4,32.5,17.4,32,1.3410818059901652,245
1681754487.0,996.4,997.4,996.1,31.8,18,19.4,32.5,17.4,32,0.8940545373267769,107
1681754497.0,996.4,997.4,996.1,31.8,18,19.5,32.5,17.4,32,0.8940545373267769,185
1681754507.0,996.4,997.4,996.1,31.8,18,19.5,32.5,17.4,32,0.44702726866338843,210
1681754517.0,996.4,997.4,996.1,31.8,18,19.5,32.5,17.4,32,0.8940545373267769,84
