Trajectory Type,Speed,Wind X,Wind Y,Motor Affected,Full Loss,Partial Loss,Turbulence,Saturation RPM,Mean TTE,Sum TTE,Max TTE,Median TTE,Std TTE,TTF,TTC,Completed,TOC,Cross Corridor,Variance,Final SOC
square,4.41209217603922,0,0,NaN,0,0,0,0,0.756721305926602,7321.27863483988,2.00883034715743,0.592791507882637,0.709286971694891,NaN,96.74,1,1.02,3,0.000901247667003519,0.916743023547784
square,3.55384596992178,0,0,NaN,0,0,1,0,0.775646841538311,9061.88204969209,2.00859267368551,0.633739583457469,0.705950666816499,NaN,116.82,1,0.91,3,0.000605312553358633,0.904743632451236
square,4.38965724595163,0.485658906179238,4.11728914163646,NaN,0,0,0,0,0.892913595040147,8826.45088697185,2.01211655615984,0.716520514343003,0.654511938735266,98.85,NaN,0,1.46,1,0.000872755863462358,0.918339446658773
square,4.90044409767671,0.485658906179238,4.11728914163646,NaN,0,0,1,0,0.865316189659743,7831.11151642067,2.00430740648382,0.682340792248674,0.652122354955462,NaN,90.49,1,0.4,1,0.00106020529723174,0.924821675817605
triangle,4.531033576298,7.19372179828199,6.90779228546504,NaN,0,0,0,0,5.35047534976178,26158.4739849853,79.2229474554699,1.37700650814954,17.0997533293602,48.89,NaN,0,6.67,2,0.00101755074177538,0.954575866047597
square,3.37374520910876,7.19372179828199,6.90779228546504,NaN,0,0,1,0,1.51686861358775,19892.2149985898,2.65021557415049,1.48869766287549,0.709124189981569,NaN,131.13,1,45.98,2,0.000496968045699877,0.893619331979201
triangle,4.41872966171614,12.2279310035545,13.2315650505563,NaN,0,0,0,0,10.4376442635405,79816.665683294,102.165820446813,7.8455508621279,17.3195576219144,76.47,NaN,0,69.52,1,0.000122239516215076,0.9285209088265
triangle,3.55205015399716,12.2279310035545,13.2315650505563,NaN,0,0,1,0,13.6348810519769,131167.555720018,105.739256975597,10.1348179279374,16.4978157471529,96.2,NaN,0,89.05,1,0.000242214615782907,0.913559510061634
square,3.23799536311675,0,0,1,1,0,0,0,4.04592036125556,13424.3637586459,102.372525172281,1.02232682472192,17.1591442119021,33.18,NaN,0,1.08,1,0.000282308603289921,0.965245291369955
square,4.91948791703216,0,0,1,1,0,1,0,5.11374316185274,12492.8745444063,101.947840093793,0.769811952055403,20.1910875916364,24.43,NaN,0,1.13,1,0.000584940430034413,0.974211892183385
square,4.50253411861131,2.92633875489889,1.11905969745568,1,1,0,0,0,4.71162132465864,12556.4708302153,100.364993625465,0.819842755666582,19.0724579343201,26.65,NaN,0,1.11,1,0.000491957006238851,0.970649409510151
triangle,4.01191410333028,2.92633875489889,1.11905969745568,1,1,0,1,0,2.67077764146998,10819.3202255949,113.988231882836,1.14518848035201,13.3866464029476,40.51,NaN,0,0.58,1,0.000431228720064167,0.957691377042897
square,4.09443105992761,9.45451626267899,9.79645712602722,1,1,0,0,0,23.9441264806379,10703.0245368451,104.405580413097,1.88177188160331,42.4917412317019,4.47,NaN,0,2.18,1,0.00017410555704778,0.995092995755036
square,3.29858801111811,9.45451626267899,9.79645712602722,1,1,0,1,0,23.2465725214716,10832.9027950058,104.307639003285,1.95104460142747,41.9763298248814,4.66,NaN,0,2.3,1,0.00014356738796167,0.995092761059206
square,4.62856965213763,14.2035862799183,11.2714108948577,1,1,0,0,0,25.8493894469335,11322.0325777569,111.384878392566,3.61413624425607,43.4591376561224,4.38,NaN,0,2.71,1,0.000547857036526203,0.995093181709446
square,4.85852724637446,14.2035862799183,11.2714108948577,1,1,0,1,0,24.7583148583219,11289.7915753948,111.418701320677,3.58716714696916,42.6662987284533,4.56,NaN,0,2.83,1,0.000469299856297039,0.995093268809291
square,4.23208935229328,0,0,2,1,0,0,0,1.17852603719726,12505.3397807002,2.19064224103317,1.27180690451769,0.596614372376576,NaN,106.1,1,11.13,2,0.000792627169805985,0.889677236640848
triangle,3.70331901412599,0,0,2,1,0,1,0,1.63285998248358,19530.6382504861,3.66251755317963,1.45603865469882,1.11117678452174,NaN,119.6,1,45.94,2,0.000647843699693759,0.875375696555787
square,4.83438732765962,2.92632045576362,2.7486180414557,2,1,0,0,0,0.996478211082621,9557.22252249341,1.9418738470288,1.10419682835625,0.511790816165125,NaN,95.9,1,0,0,0.00098797942479635,0.899326369872928
triangle,4.51440045822144,2.92632045576362,2.7486180414557,2,1,0,1,0,1.16281522505714,11560.7089675181,2.69293808086195,1.09922690520454,0.753185919518639,NaN,99.41,1,16.71,1,0.00093694650345141,0.896266930939435
square,3.15170857912613,6.90222923487678,7.83910820362611,2,1,0,0,0,0.804098903410657,11070.8337021579,2.01201797683353,0.642571810196038,0.552840001969106,NaN,137.67,1,0.25,1,0.000442455088638916,0.857331063476324
triangle,4.06159510601795,6.90222923487678,7.83910820362611,2,1,0,1,0,0.6023890996912,6594.35347431956,1.97665204271742,0.570738004613784,0.371634106383664,NaN,109.46,1,0,0,0.000750260207036684,0.885007507505018
square,4.13764732174439,14.6700534211459,10.6495310423687,2,1,0,0,0,2.43877120080301,23470.7340365282,81.0776641504787,0.236643205086903,11.9954921659077,96.24,NaN,0,5.6,1,0.000270650359958884,0.891246961648169
square,3.02380413900248,14.6700534211459,10.6495310423687,2,1,0,1,0,2.83376524436836,36680.2573231041,77.7038388835649,1.36218666363745,8.73447796477434,129.44,NaN,0,23.06,2,0.000253909627005664,0.860878565524437
triangle,3.62243008408961,0,0,3,1,0,0,0,2.23520740449999,26831.4296836179,3.76588777035769,2.14149454879145,0.97971107580904,NaN,120.03,1,72.86,3,0.00063183110329785,0.875273149400473
triangle,3.33129745899956,0,0,3,1,0,1,0,2.36298533660103,30600.6601089833,4.10131086716569,2.1154163529497,1.09265518252458,NaN,129.49,1,83.99,3,0.000539956656321365,0.866429053364796
triangle,4.37842900628002,1.31485642270072,3.27039549238391,3,1,0,0,0,2.26503961391612,23520.171350905,3.51083690081806,2.5045026953201,0.84142167224236,NaN,103.83,1,71.14,3,0.000873860991867456,0.89078843465019
square,3.901083197005,1.31485642270072,3.27039549238391,3,1,0,1,0,1.61652702951446,18902.0505561126,3.65890153379074,1.53337263081745,1.04992502056215,NaN,116.92,1,39.57,2,0.000658203556649854,0.877094787131869
triangle,3.30475603793845,6.14488484358409,9.56668680750835,3,1,0,0,0,43.5248459954311,1234799.88089038,83.9538677734819,35.2494395639081,17.9568660540279,283.7,NaN,0,281.06,1,0.000144835348531951,0.710939568907207
triangle,4.07668487052011,6.14488484358409,9.56668680750835,3,1,0,1,0,76.3713562427041,1756312.07951347,137.604058466332,83.0159677712787,29.6994792583017,229.97,NaN,0,227.03,1,0.000202103875760009,0.765866136614406
triangle,3.21330554036117,10.3908776437659,12.2133913488772,3,1,0,0,0,290.593075984048,8478634.17798657,470.099703785241,286.36323240423,118.269859715258,291.77,NaN,0,289.94,1,0.000261923069694758,0.700279426100696
triangle,3.00926844826814,10.3908776437659,12.2133913488772,3,1,0,1,0,313.849995367159,9777682.75566846,502.650808390993,305.975708286947,128.243950107351,311.54,NaN,0,309.65,1,0.000320333013248002,0.683519107608081
square,3.16887169102182,0,0,4,1,0,0,0,1.41796154709745,15494.0658251339,4.53019626650827,1.39158552724964,0.74886964221248,109.27,NaN,0,17.31,2,0.000421177082184333,0.886650420051272
triangle,3.51974080570131,0,0,4,1,0,1,0,1.24525972107785,10902.2488580366,5.63461610572881,1.26988620087802,0.71684390731636,87.55,NaN,0,2.65,1,0.000488254460910447,0.909471364213823
square,3.3636940566057,2.15706913731772,4.55323797214762,4,1,0,0,0,1.65324930130343,17595.5323137724,3.46323031828185,1.79364902522312,0.703059369334892,106.43,NaN,0,37.85,4,0.00045722103911629,0.888928289641449
square,3.29107796076943,2.15706913731772,4.55323797214762,4,1,0,1,0,1.6729770117447,18310.7333935457,3.19614503478457,1.82058487424138,0.710227144229439,109.45,NaN,0,42.55,4,0.000439101298251185,0.884037984802221
square,4.09972040367266,9.34646103820045,7.89852293682785,4,1,0,0,0,1.61917158646544,15412.8943315645,3.36030705313441,1.54448851390473,1.04352663905619,95.19,NaN,0,38.64,3,0.000614192771980051,0.900095745724063
triangle,4.70606223544379,9.34646103820045,7.89852293682785,4,1,0,1,0,2.51710040644824,19864.9564076895,4.52013901248685,2.85374913955853,1.12735085156133,78.92,NaN,0,52.72,3,0.000736070458348846,0.915226293145893
square,3.80361606750388,11.7547619044614,12.5662476993353,4,1,0,0,0,23.0195026895433,687339.330807074,71.2602098758618,6.91599875295481,26.9372023434207,298.59,NaN,0,263.48,3,0.000126003448575767,0.683061125596883
square,3.47983230710732,11.7547619044614,12.5662476993353,4,1,0,1,0,47.6170580203726,2052628.5200842,183.450019002255,4.11768059570274,66.102419364422,431.07,NaN,0,305.24,2,7.33084184951458e-05,0.550554715003785
square,3.83453413816874,0,0,5,1,0,0,0,2.35833220914372,15326.8010272251,95.6350282301217,0.93629492215138,7.86632084330333,64.99,NaN,0,29.27,3,0.000350484028013687,0.932076232669094
triangle,4.80543221983056,0,0,5,1,0,1,0,1.64426054213123,11698.9137572637,3.83939819178582,1.0461304549976,1.25386221961505,71.15,NaN,0,23.7,1,0.000800875216718547,0.925377777623481
triangle,3.67543881964275,2.4543204623404,2.44626319200009,5,1,0,0,0,2.46238394878071,22488.9526042142,5.78620806227843,1.68498388337171,1.89997946068849,91.33,NaN,0,33.78,1,0.000476631272906843,0.903967367649848
square,3.73849356224043,2.4543204623404,2.44626319200009,5,1,0,1,0,1.74371936412693,16807.7109508195,3.7159013627674,1.66934095942099,1.01789626684857,96.39,NaN,0,27.6,1,0.000560372195011432,0.897675155594867
square,3.48338257182767,8.90126034160569,6.94869418480627,5,1,0,0,0,5.37429424847991,131729.326324491,25.4786334804145,3.61162057873578,5.49761159010291,245.11,NaN,0,222.69,3,0.00017388077792607,0.749527827045309
square,3.19290905033678,8.90126034160569,6.94869418480627,5,1,0,1,0,3.60034740567901,72244.571042355,10.5521120975341,3.2931513030686,1.93475362152031,200.66,NaN,0,148.76,4,0.000206432944231419,0.793972904109875
square,4.15041719015693,14.7102529538774,14.780672701149,5,1,0,0,0,763.935001395694,27610902.7554446,1821.12814167189,647.639584966371,546.874131081234,361.43,NaN,0,359.79,1,0.000218878453137331,0.626568434973979
square,3.46955982674481,14.7102529538774,14.780672701149,5,1,0,1,0,757.631983678716,32756218.8143493,1659.00058986519,722.5819355151,474.17356356656,432.35,NaN,0,430.67,1,0.0002539442016746,0.552744119284819
square,3.08604760331562,0,0,6,1,0,0,0,1.84077651715048,25894.2032667559,3.58084629245448,1.69818056516026,1.03004027726104,NaN,140.66,1,53.15,2,0.000436120999628247,0.855438304842189
triangle,4.2982309499129,0,0,6,1,0,1,0,4.66356574259859,39514.3925370378,26.9760827905747,3.4362125602227,3.62505365461238,84.73,NaN,0,63.11,3,0.000961242475535224,0.909920687610771
square,4.09401778457269,3.23872981568153,2.25461853215472,6,1,0,0,0,1.6311392073978,18322.5867166994,2.98893070816914,1.66409797330107,0.813268066633433,NaN,112.32,1,36.1,2,0.000715654729322169,0.883298874903065
square,4.48938561414831,3.23872981568153,2.25461853215472,6,1,0,1,0,1.56060933537595,16197.5642918669,2.82518612050293,1.63836471580761,0.765990326992924,103.79,NaN,0,30.89,2,0.000847396980493723,0.890452869763632
triangle,3.73696919298067,8.43387716682657,5.91755577868635,6,1,0,0,0,4.4029125124393,34778.6059357581,131.870194453475,3.22922203276287,11.4717993394663,78.99,NaN,0,50.91,2,0.000304672293589947,0.917522524403614
square,4.56045487030275,8.43387716682657,5.91755577868635,6,1,0,1,0,3.80272463576645,79233.5705108298,20.5262580779219,2.6328368688511,4.26718194637266,NaN,208.35,1,128.95,5,0.000414688305529786,0.781908406686006
square,3.97358326480634,14.6469298548437,13.878563393042,6,1,0,0,0,609.259277341707,23000146.9789268,1151.12688066283,578.892000689779,327.262866699835,377.51,NaN,0,376.07,1,4.36348050133672e-05,0.610347738761588
square,3.89356749885961,14.6469298548437,13.878563393042,6,1,0,1,0,514.637250478489,19827429.3491847,1217.28500156352,392.131028846933,333.537216408998,385.27,NaN,0,383.81,1,0.000288554243813428,0.605970978287789
triangle,4.63525541664452,0,0,7,1,0,0,0,3.54792644424645,15004.1809327182,104.780626781525,2.20475014744302,12.1451271090693,42.29,NaN,0,23.26,2,0.000571580032976772,0.954668571570942
square,4.28863626038738,0,0,7,1,0,1,0,1.1960990011092,12590.1380856755,2.49783256344318,1.32021253010081,0.66218900607315,NaN,105.25,1,11,1,0.000803710010942631,0.888368809526295
triangle,3.70145420715377,4.05790229141239,2.66412794399727,7,1,0,0,0,3.54951959304941,19312.9361057819,100.962242068815,2.61580199342049,10.3210918827216,54.41,NaN,0,33.64,2,0.000424316158056968,0.94253946074494
triangle,4.75188562298597,4.05790229141239,2.66412794399727,7,1,0,1,0,3.47747527412288,14970.531055099,100.631230474954,2.09508392928293,11.7553484270067,43.05,NaN,0,22.65,2,0.000685315836675506,0.953989027090203
square,3.41548458546606,8.11237543000614,7.93522352265708,7,1,0,0,0,1.49055780679024,20259.6617098929,4.08667336898573,0.939886960057208,1.25166052963984,NaN,135.91,1,43.91,2,0.000480970000735735,0.858413587397647
square,3.94184669703518,8.11237543000614,7.93522352265708,7,1,0,1,0,1.36442618491454,16547.7607706435,3.85144008088071,0.985087153382145,1.10228321080933,NaN,121.27,1,33.19,2,0.000609394813290948,0.871470114902159
square,3.4518435619448,14.2215439634769,10.9738214478352,7,1,0,0,0,304.193970695739,13218748.9965834,876.392520868198,29.4833342319492,319.47074149471,434.55,NaN,0,352.58,1,0.000121913781333793,0.547162228748803
square,3.45532859563311,14.2215439634769,10.9738214478352,7,1,0,1,0,113.439303212655,4924513.59176457,244.997990341608,23.4869702274026,108.681802286104,434.11,NaN,0,378.14,1,6.6281160955818e-05,0.551626233407054
square,3.86041478265917,0,0,8,1,0,0,0,3.15654423664901,11720.2487506778,94.947066242947,0.669423207105972,14.6078494676657,37.13,NaN,0,3.55,1,0.000323950521129733,0.959969311167814
triangle,4.80976193735979,0,0,8,1,0,1,0,1.90382837396873,8116.0203582287,113.567490343851,0.740325774293899,11.5194048552573,42.63,NaN,0,0.45,1,0.000500225160444857,0.955139315257533
square,3.51612939182413,2.19434986563052,0.555596117202994,8,1,0,0,0,3.06232263605902,12601.4576473829,93.9608159085636,0.732403823026364,14.126092786716,41.15,NaN,0,3.58,1,0.000265129963482661,0.956017160966332
square,4.18979214801723,2.19434986563052,0.555596117202994,8,1,0,1,0,3.22038944787119,11966.9671882894,89.8528513368212,0.622804830471277,13.6516148937987,37.16,NaN,0,4.8,1,0.00042138923078823,0.959577113193709
square,3.44349346803448,8.01421544691041,8.55607890216842,8,1,0,0,0,21.9335019813976,11515.0885402338,108.807755185329,0.543300137545203,41.3195505130691,5.25,NaN,0,1.73,1,0.000200133600525636,0.995205995353263
square,3.59335174643665,8.01421544691041,8.55607890216842,8,1,0,1,0,21.1225537047014,11427.3015542435,108.277673576813,0.436371847211544,40.6972049550671,5.41,NaN,0,1.56,1,0.000161140112244845,0.995154906341934
square,3.17103159418009,12.120833798569,12.5392914233056,8,1,0,0,0,27.7966560190902,13120.0216410106,114.0099779406,3.61668332515391,44.6612627232541,4.72,NaN,0,2.87,1,0.000460479609199364,0.995092728152032
square,4.60202924553948,12.120833798569,12.5392914233056,8,1,0,1,0,25.8342347041802,12632.9407703441,113.661760083027,3.30618628934108,43.3427454638624,4.89,NaN,0,2.94,1,0.000348694351529306,0.995093171929856
triangle,3.97721794760716,0,0,1,0,0.75,0,0,28.8066923711243,247017.387082391,114.197796309464,2.37976638510938,38.9590566378141,NaN,85.74,1,43.76,1,0.00071960997039251,0.92097517212944
square,3.47456715954304,0,0,1,0,0.75,1,0,0.862906930452942,10333.310492174,2.04646570766294,0.585938426222725,0.692244927056554,NaN,119.74,1,7.92,2,0.000578195857968007,0.896435771753046
square,4.042271661608,4.81544269643457,2.73402859369484,1,0,0.75,0,0,0.785684566883052,8342.39873116425,2.00403377102298,0.621310272051581,0.691347823273344,NaN,106.17,1,0.8,3,0.000746808726083661,0.90586573290154
triangle,3.97779548784033,4.81544269643457,2.73402859369484,1,0,0.75,1,0,26.9792735584999,228703.301955404,111.8299488161,0.901863047467308,37.8063614519125,NaN,84.76,1,39.96,1,0.000708494250332527,0.922097156446534
triangle,3.73487329708895,8.39567770432874,6.97757607834297,1,0,0.75,0,0,26.5671220581023,244869.164009529,113.235615385053,1.6789938418931,37.4634393000333,NaN,92.16,1,41.78,2,0.000589971732968639,0.915275470094865
triangle,3.0754777324791,8.39567770432874,6.97757607834297,1,0,0.75,1,0,27.7479979185712,298207.733630885,113.888865437566,2.20618678679338,37.7573623328031,NaN,107.46,1,64.5,3,0.000419709208449072,0.903110402182128
square,3.19742455731115,14.5664341381962,13.9809193679261,1,0,0.75,0,0,35.6304973551185,19133.5770796986,113.108572530349,6.20453953680396,48.5624510989824,5.37,NaN,0,3.72,1,0.000727674598727292,0.995092734854233
triangle,3.67071367992559,14.5664341381962,13.9809193679261,1,0,0.75,1,0,27.1392076865207,12918.2628587838,135.291284803909,4.38370713256297,51.2045025857949,4.76,NaN,0,3.07,1,0.000665399283660358,0.995092565384566
triangle,3.21352372321448,0,0,2,0,0.5,0,0,1.1619691837754,15070.7403135669,2.57547074195759,1.13722221045606,0.773208535736672,NaN,129.69,1,21.39,1,0.000519057463342395,0.87555094479276
triangle,3.98834787327854,0,0,2,0,0.5,1,0,0.941525713056036,10102.5709010913,2.05149567542659,0.907135315509855,0.62592977834466,NaN,107.29,1,5.52,1,0.000775407104518146,0.896051512210609
square,4.78184500866158,3.57518539200347,4.51860280278158,2,0,0.5,0,0,0.7565237231247,7084.84466706282,2.00367281746892,0.562881739867578,0.570677548508122,NaN,93.64,1,0.22,1,0.000996501470693001,0.910168714885079
square,4.39749166466959,3.57518539200347,4.51860280278158,2,0,0.5,1,0,0.773657121056712,7713.36149693542,1.99862825788027,0.600344821045432,0.559649287776426,NaN,99.69,1,0,0,0.000863440138434568,0.903623187016378
square,4.0000448711804,5.15270473152318,8.72037130183731,2,0,0.5,0,0,0.935068249108624,10350.2704493834,2.04951330903711,0.711896035208271,0.647545294053336,NaN,110.68,1,3.91,1,0.000697666291645926,0.895336657261141
triangle,4.80944447613473,5.15270473152318,8.72037130183731,2,0,0.5,1,0,0.844964665782472,8024.62943093613,1.95107303408689,0.694391703760506,0.637328879680342,NaN,94.96,1,0,0,0.00102364919609906,0.908313246222071
triangle,4.61097884905937,13.0883319479423,14.2972115282311,2,0,0.5,0,0,17.2228911858013,170368.839609946,95.2326422634273,5.22667175447888,25.5638573095955,NaN,98.91,1,88.72,1,0.000483586220289254,0.893057272734552
square,3.36584493882983,13.0883319479423,14.2972115282311,2,0,0.5,1,0,6.90343378233849,45493.6286256106,81.9688690108006,3.30439451127321,16.2815432423665,65.9,NaN,0,51.23,2,0.000380598262026854,0.923917952926183
square,3.97980277702445,0,0,3,0,0.9,0,0,0.852934322246513,9014.6628518234,2.00209319159127,0.706506162883414,0.670031260802904,NaN,105.68,1,0.26,1,0.000746984872332991,0.910986620096107
triangle,4.95736129928232,0,0,3,0,0.9,1,0,0.658710158496795,5841.44168554958,1.90055040476072,0.295410030618328,0.584675113045077,NaN,88.67,1,0,0,0.00115907550332936,0.923342105173591
triangle,3.11923773515928,2.50235812077422,2.3554418727097,3,0,0.9,0,0,0.949893436001945,12646.8812069299,1.88641192801008,0.769519850467612,0.568138622997884,NaN,133.13,1,0,0,0.000486836796193955,0.889135907139267
square,3.08486227500148,2.50235812077422,2.3554418727097,3,0,0.9,1,0,0.961317874599064,12881.6595196275,2.00607405241908,0.824613577188265,0.642856666777711,NaN,133.99,1,2.17,1,0.00045749021716609,0.886865198798462
triangle,4.63629710771925,7.60824921232142,5.48365012890434,3,0,0.9,0,0,1.2514896839927,12456.0768247793,2.94844921484328,1.10490201514998,0.909717261638058,NaN,99.52,1,23.25,1,0.000937374103920912,0.916082763995377
square,4.44487918473368,7.60824921232142,5.48365012890434,3,0,0.9,1,0,1.26138888891476,12949.4183335989,2.26524969560009,1.06978157419685,0.674527763839262,NaN,102.65,1,23.78,2,0.00083554688338301,0.912203087808698
triangle,4.94594910952773,13.2980262645415,12.5929747125527,3,0,0.9,0,0,21.5537788528147,283863.26749157,86.5369580966632,9.32981633881079,24.2961749721439,131.7,NaN,0,122.64,2,0.00086398643149039,0.877889497555021
square,4.6006611507048,13.2980262645415,12.5929747125527,3,0,0.9,1,0,13.4811643903305,232644.453883933,57.6538528657715,8.93181939899945,12.3182365019784,172.57,NaN,0,165.03,1,0.000251550450516234,0.845609673982226
square,3.16693962971783,0,0,4,0,0.75,0,0,0.959585206752021,12507.2335848058,2.03790205802775,0.779957822370745,0.668961733637153,NaN,130.33,1,7.62,1,0.000485678085145891,0.885986311532473
square,3.34677722623801,0,0,4,0,0.75,1,0,0.950937450362419,11783.0659474407,2.02619583265384,0.780231606638983,0.664710169605846,NaN,123.9,1,6.06,1,0.000538887860192833,0.892805304907284
square,3.12094235833979,4.15689871419535,4.0168219580122,4,0,0.75,0,0,1.06657058197174,14388.0371507988,2.08151343629608,0.989312085628435,0.635052896665271,134.9,NaN,0,11.56,1,0.000455406746798624,0.882952154592492
square,4.05375166101659,4.15689871419535,4.0168219580122,4,0,0.75,1,0,0.980602349608794,10479.6973102692,2.01388451272319,0.804480277531617,0.615861581049974,NaN,106.86,1,3.39,1,0.000744035044429681,0.903991203517184
square,3.58396815992343,8.28429945486854,8.13986679595052,4,0,0.75,0,0,1.66618558958429,21202.2116274602,3.01561771718899,1.84277298575196,0.800152544652989,NaN,127.24,1,54.21,3,0.000539293069974114,0.888170522216652
triangle,3.03097425127204,8.28429945486854,8.13986679595052,4,0,0.75,1,0,3.01869934142418,33652.4602581967,8.40662037297563,3.25783790297589,1.24418108361243,111.48,NaN,0,86.12,3,0.000347968905147398,0.903162302596522
square,3.74481948011107,10.8358420495733,10.5310817246433,4,0,0.75,0,0,2.50711471484612,27818.9448759325,6.51709742400264,2.68957174957558,0.94996051580675,110.96,NaN,0,77.9,4,0.000513498299202076,0.898883383460635
square,3.97937527603205,10.8358420495733,10.5310817246433,4,0,0.75,1,0,2.27834266471037,24822.5433320194,7.05427498300845,2.39701392796125,0.925112203007665,108.95,NaN,0,69.59,4,0.00055986187360751,0.901391915431295
triangle,3.10535399536159,0,0,5,0,0.5,0,0,1.50356266971895,14686.8001578147,3.13428613713729,1.04001884099545,1.02295694723933,97.68,NaN,0,34.75,2,0.000376830158968647,0.907775970671816
square,3.53823885279711,0,0,5,0,0.5,1,0,1.37013915872954,12898.4900402799,5.84164734235184,1.44552305019018,0.879326629556433,94.14,NaN,0,25.36,3,0.000549475527160298,0.910120928665194
triangle,3.83548820863332,2.73935450607422,4.71368492138467,5,0,0.5,0,0,2.03832410308282,17474.552535729,4.10818666525699,1.76693397157954,1.18046508379302,85.73,NaN,0,31.67,2,0.000534687977069242,0.918292239547567
triangle,3.60290989742413,2.73935450607422,4.71368492138467,5,0,0.5,1,0,2.14291353532845,19254.0781149261,4.27393878873427,1.889312303974,1.21083741702834,89.85,NaN,0,35.92,3,0.000480011381740352,0.913983049820184
triangle,4.39621104036062,8.33169425792213,7.69563232521428,5,0,0.5,0,0,2.94130062948913,31839.5793142198,5.88198211512042,3.04193277364623,1.5442378216203,108.25,NaN,0,76.62,2,0.000412364969130784,0.897820950216619
square,3.35626490880068,8.33169425792213,7.69563232521428,5,0,0.5,1,0,2.59413197223298,31744.392944215,6.23490559231104,2.61270416876029,1.13942302745585,122.37,NaN,0,85.39,4,0.000390032576022794,0.883766321669954
triangle,3.06520164106106,14.9954019738068,10.8556053317822,5,0,0.5,0,0,434.550897300653,13291608.2957351,871.307279612967,560.738252866295,313.914665865522,305.87,NaN,0,298.21,1,0.00032528366161867,0.711552855270554
triangle,4.76373300090362,14.9954019738068,10.8556053317822,5,0,0.5,1,0,203.855037882325,4011663.29048626,342.196632175257,282.303996950863,140.595225217467,196.79,NaN,0,188.41,1,0.000231364750872972,0.814201471412682
triangle,3.92145187452082,0,0,6,0,0.9,0,0,0.828021199003716,6517.35485735825,13.7069110165457,0.405954285315272,1.16325678535898,78.71,NaN,0,3.47,2,0.000862938741319099,0.931421763794202
triangle,3.31280990445313,0,0,6,0,0.9,1,0,0.995270312039106,9001.22470208167,13.035625922549,0.461075972865064,1.7323667015138,90.44,NaN,0,3.82,1,0.000525208394739951,0.921844610722062
square,3.38184739047261,3.22382268435044,1.88136105139416,6,0,0.9,0,0,0.930759403655138,11506.0477479848,1.99314420575243,0.789910466431846,0.65335339835775,NaN,123.61,1,0,0,0.000541587325574178,0.897711517635032
square,3.96404412206371,3.22382268435044,1.88136105139416,6,0,0.9,1,0,0.900628242397686,9659.23789971518,1.99572485457696,0.756629120493051,0.662897411079798,NaN,107.24,1,0,0,0.000729314777590897,0.909961091013088
triangle,3.76923824873882,7.94753742347529,6.13093839876338,6,0,0.9,0,0,9.67851420791646,57374.2322245288,108.206147298338,1.69143139190181,26.5996670611384,59.28,NaN,0,20.48,2,0.00104221572588977,0.945706067978295
square,3.50361224494463,7.94753742347529,6.13093839876338,6,0,0.9,1,0,1.58993258990362,20274.820386451,3.01492847749391,1.53459073988361,0.750814233668177,NaN,127.51,1,44.09,2,0.0005303095432278,0.892610963371243
triangle,4.64875253337767,13.0854544219661,11.3264045490501,6,0,0.9,0,0,19.1184262451415,264904.914052681,93.7344973577191,8.15771751686275,24.7713131770133,138.56,NaN,0,128.73,2,0.00040350642602601,0.873683400652896
square,4.4604975845352,13.0854544219661,11.3264045490501,6,0,0.9,1,0,11.775381016896,296303.912528154,63.4293005642768,4.01575564441591,16.9838154823745,251.63,NaN,0,186.66,7,0.000280529407190614,0.784914944020654
triangle,4.81261630129947,0,0,7,0,0.75,0,0,0.574379360449619,5201.57948823175,1.9330673030811,0.507718607815833,0.392043807947098,NaN,90.55,1,0,0,0.00110204760825284,0.918554642458242
square,4.63552111874128,0,0,7,0,0.75,1,0,0.804597223469865,7524.59323389018,1.99585782455931,0.610167460787764,0.607229031826031,NaN,93.51,1,0,0,0.00097722740542079,0.916970201111901
square,3.85051864042827,2.97178125332165,0.112562963701159,7,0,0.75,0,0,0.857671027314648,9445.53102381621,1.97888284114097,0.701173222332713,0.610661694944701,NaN,110.12,1,0,0,0.000691145579962351,0.902004243320978
square,3.3229694886235,2.97178125332165,0.112562963701159,7,0,0.75,1,0,0.888146854099155,11116.046025905,1.97985242614942,0.755266380577626,0.616826462991159,NaN,125.15,1,0,0,0.000527112853763055,0.888992990063496
square,4.19704733751348,7.11442844550042,5.47114669443867,7,0,0.75,0,0,1.02806674518629,11058.9139779689,2.50904872795151,0.966641464287704,0.850046642893211,NaN,107.56,1,20.44,2,0.000752486174652766,0.906360210599804
triangle,4.39189862660322,7.11442844550042,5.47114669443867,7,0,0.75,1,0,0.830468962683528,6255.09222693234,5.23378494424549,0.210194054915158,0.878812731260946,75.32,NaN,0,9.74,2,0.000709989499696206,0.931813753781281
square,3.1376121982361,13.1926537913592,10.1680191803321,7,0,0.75,0,0,22.1657087782921,828820.182637898,73.908815723057,5.49979480461501,27.1426646812793,373.92,NaN,0,347.17,2,9.61073984372318e-05,0.667784800803722
triangle,4.06172856138825,13.1926537913592,10.1680191803321,7,0,0.75,1,0,25.2564623494829,397157.870445619,111.18062077759,7.72811144951778,30.0070241671213,157.25,NaN,0,140.28,1,0.00013647639761871,0.860855318847118
triangle,4.43671788641177,0,0,8,0,0.5,0,0,1.99046531912484,8449.52527968495,113.693211767387,0.510880542972983,12.8823709471575,42.45,NaN,0,0.56,1,0.000457043598799875,0.958315575779435
square,4.06266781313135,0,0,8,0,0.5,1,0,3.80625473818816,12693.8595518575,91.8915825791354,0.404135128739397,16.2995489716066,33.35,NaN,0,4.19,1,0.000431088613528931,0.967410520639352
square,4.55760448364819,0.52814601664511,3.054793293731,8,0,0.5,0,0,0.953493173545681,9219.32549501319,5.11891640816958,0.814715333539171,0.866478065636158,96.69,NaN,0,14.96,3,0.000927062936963497,0.907749663356811
square,3.18164657157488,0.52814601664511,3.054793293731,8,0,0.5,1,0,3.06052058353609,12306.3532663986,95.6617786363189,0.237794133098716,15.3968059608235,40.21,NaN,0,4.22,1,0.000244974805402566,0.960679504040426
triangle,3.88017027800344,5.76828358795653,6.40502651266935,8,0,0.5,0,0,1.98208700646166,9771.68894185598,111.974921884608,0.756667640582752,11.6710308421846,49.3,NaN,0,1.11,1,0.000340195759616357,0.952440195624558
triangle,3.91484873137535,5.76828358795653,6.40502651266935,8,0,0.5,1,0,2.28149192647691,9360.96137433477,105.23387191498,0.747984210867953,12.0988661322088,41.03,NaN,0,1.14,1,0.000380177434733422,0.961179770480768
triangle,4.27541819614435,12.5902605418055,14.7181131227419,8,0,0.5,0,0,24.4960296593203,11170.18952465,138.285355422143,4.47138530614214,48.5420449330273,4.56,NaN,0,2.97,1,0.000543379346341827,0.995092650286827
triangle,3.48141407096032,12.5902605418055,14.7181131227419,8,0,0.5,1,0,23.0327440727416,10917.5206904795,137.708038669895,4.2931331754814,47.033414509595,4.74,NaN,0,3.1,1,0.000413975700416009,0.99509254146542
square,4.39028099910347,0,0,1,0,0.9,0,0,0.767966871218853,7471.54969008822,2.00624844899303,0.581349640914411,0.693083037283803,NaN,97.28,1,0.51,3,0.000892188633378096,0.916139488482318
square,3.50958031319401,0,0,1,0,0.9,1,0,0.791737651171017,9366.25641335313,2.00962257751696,0.638160374571934,0.692274937958279,NaN,118.29,1,1.01,3,0.000590824994915068,0.901037338919996
triangle,3.68892482260208,3.33916363506858,4.22196078263602,1,0,0.9,0,0,27.3224497913068,242350.129648892,110.707969729803,0.930552253703408,37.3676187912646,NaN,88.69,1,42.61,1,0.000646223620739477,0.923275137004605
square,4.350664131494,3.33916363506858,4.22196078263602,1,0,0.9,1,0,0.874226159308153,8752.75230699322,2.0050445932721,0.745431583582944,0.662047730974119,NaN,100.11,1,0.77,1,0.000851337698200082,0.914486912303046
square,4.83198248826285,8.01085243790898,6.93385597260492,1,0,0.9,0,0,1.23657480902407,12321.2313971159,4.50246024614019,0.996403240485814,0.688940317242047,99.64,NaN,0,22.31,3,0.000935970169508425,0.915111076040067
square,3.92489831848466,8.01085243790898,6.93385597260492,1,0,0.9,1,0,1.37494877663551,16085.5257378588,4.29683273644589,1.21987501698746,0.713943542394473,116.99,NaN,0,36.36,3,0.00065315786779426,0.902367638607948
triangle,3.64494361437356,12.3045818301448,13.850798643043,1,0,0.9,0,0,9.45757241339985,86631.3633067426,111.53588960845,7.39108569885515,17.2357838801754,91.6,NaN,0,84.99,1,0.000155763726317782,0.911945237113243
square,3.94271430742122,12.3045818301448,13.850798643043,1,0,0.9,1,0,16.043874959192,59554.8638485207,108.455857579142,4.28259699101604,29.8837149514496,37.12,NaN,0,30,1,0.000683013211015147,0.954796797124215
square,3.94697198593064,0,0,2,0,0.75,0,0,0.800512071176365,8551.87045637711,1.99338216514994,0.603346197376009,0.590980754398989,NaN,106.82,1,0,0,0.000733492741057161,0.90494402946949
triangle,3.68224921409822,0,0,2,0,0.75,1,0,0.620284818931119,7053.87896088469,1.99262299699713,0.580237968965739,0.455946827154794,NaN,113.71,1,0,0,0.00067666982964425,0.899788465235267
triangle,3.48569919663634,0.958726277308989,3.69213419988471,2,0,0.75,0,0,0.559877277622371,6731.9643861314,1.94294043941514,0.377323193451292,0.506824701310752,NaN,120.23,1,0,0,0.000601772738454015,0.892995936951722
triangle,3.53812317337204,0.958726277308989,3.69213419988471,2,0,0.75,1,0,0.552088347434777,6544.45527049184,1.94451981899343,0.369675103661528,0.506726899206578,NaN,118.53,1,0,0,0.000620206920963479,0.894748341260819
triangle,3.18222692737307,5.94330988395745,6.43749086533066,2,0,0.75,0,0,1.03513749141883,14005.4102588968,2.3324557841969,0.896803166125598,0.739404695552606,NaN,135.29,1,26.42,1,0.000477134961365736,0.882737159600277
triangle,4.36672648658931,5.94330988395745,6.43749086533066,2,0,0.75,1,0,0.872828336026717,8931.6523625614,2.14058822044881,0.658569108330016,0.709175144220325,NaN,102.32,1,13.54,1,0.000865475756677228,0.909638722657275
triangle,4.29523526034537,12.1286442093559,13.2222139071567,2,0,0.75,0,0,8.94537060339901,71393.0027857275,108.969564004133,5.29969266174442,20.0399164426341,79.81,NaN,0,71.1,1,0.000209240280966735,0.920398320298361
triangle,4.27157342102817,12.1286442093559,13.2222139071567,2,0,0.75,1,0,10.336391103172,83704.095153487,112.02530326916,5.8238980599874,23.0090101983311,80.98,NaN,0,71.72,1,0.000186850490737921,0.918393458707892
square,3.47246115398759,0,0,3,0,0.5,0,0,1.33356183846274,16236.1153832838,2.55014010692955,1.40300946975113,0.73325617508523,NaN,121.74,1,24.66,1,0.000567911623118339,0.884553873345048
square,4.21460788137127,0,0,3,0,0.5,1,0,1.22013668547301,12611.332781049,2.34991005487495,1.22676250484601,0.681887022691159,NaN,103.35,1,17.78,1,0.000806888650361086,0.900410578898021
square,4.54057102960732,2.29362746824434,3.30972375952826,3,0,0.5,0,0,1.22470782181301,12113.5850655525,2.47636707218349,1.25404721272176,0.719709692772552,NaN,98.9,1,18.07,1,0.000901085381433435,0.904064017390345
square,4.32401919671827,2.29362746824434,3.30972375952826,3,0,0.5,1,0,1.25743922785923,12878.6925717342,2.52880998467317,1.28101003715979,0.736869466054771,NaN,102.41,1,19.71,1,0.000831142113831015,0.901310482192928
triangle,3.51288198445829,9.20964576345655,9.16458409537608,3,0,0.5,0,0,18.5013314499079,15855.6410525711,142.586882435605,2.83820820740967,40.2250331039799,8.57,NaN,0,4.77,1,0.00204255996083739,0.99199542832753
triangle,4.16449832905445,9.20964576345655,9.16458409537608,3,0,0.5,1,0,20.011406725674,16389.342108327,146.000302694926,2.44562644447254,41.308338313076,8.19,NaN,0,4.48,1,0.0031397279520174,0.991633933504669
square,3.63614815096212,14.34970516179,11.3238951323781,3,0,0.5,0,0,12.6910392060736,276981.930672557,59.4815089507662,10.5765562312756,8.72521990598029,218.25,NaN,0,212.18,1,0.000693761145234256,0.7743971662355
triangle,4.87965894068984,14.34970516179,11.3238951323781,3,0,0.5,1,0,43.1122569366225,568995.567049543,97.9145791131362,49.0543606737627,34.7385031854866,131.98,NaN,0,125.71,1,0.000259668870451556,0.86799946872086
triangle,4.08943222105353,0,0,4,0,0.9,0,0,0.640878825355477,4764.93406651798,12.4558072000897,0.166901702662435,1.41790271208677,74.35,NaN,0,2.66,1,0.000731144276903571,0.936205743096752
triangle,4.08777186799928,0,0,4,0,0.9,1,0,0.587384293731656,6097.63635322832,1.9353369357151,0.251903534985868,0.588374201963805,NaN,103.8,1,0,0,0.000820973540354922,0.912250847085983
square,3.43735326479927,2.61247652888551,4.96852312060426,4,0,0.9,0,0,1.05657180529588,13052.8880826253,2.08822983436775,0.959444191002225,0.638110840085322,NaN,123.53,1,11.01,1,0.000547516468125531,0.897163724773087
square,3.21939492904639,2.61247652888551,4.96852312060426,4,0,0.9,1,0,1.07569695318339,14084.1002080301,2.08175992798783,1.01866987972364,0.640618343196648,NaN,130.92,1,12.73,2,0.000484726326052542,0.890141122700062
triangle,3.73163235367634,7.02289997928813,7.24186456033248,4,0,0.9,0,0,2.23521572471052,20170.5866997877,12.7891344953356,2.29905756532242,1.30173797210931,90.24,NaN,0,54.45,3,0.000571769270409418,0.923331687685032
triangle,4.25579275922834,7.02289997928813,7.24186456033248,4,0,0.9,1,0,2.02079229221256,16548.2680809286,9.88385901103459,2.03057611341091,1.11003788748939,81.89,NaN,0,42.49,4,0.000733703183503317,0.928718992908588
square,3.38405669885555,14.6642678513941,14.8637042700151,4,0,0.9,0,0,65.2235413744526,2192424.11976085,153.463088730342,39.2293418375149,55.3627724923003,336.14,NaN,0,331.04,1,2.73654143554795e-05,0.681476177897704
square,4.39253267416599,14.6642678513941,14.8637042700151,4,0,0.9,1,0,46.330835810496,827376.065903838,155.482069107397,37.0711865881808,33.8504531621542,178.58,NaN,0,173.17,1,0.00012586252303479,0.830288677431271
square,4.72227962278667,0,0,5,0,0.75,0,0,0.868903765527588,8006.94819933672,2.01018209730346,0.706474910150845,0.692152210939652,NaN,92.14,1,2.77,1,0.00100849144701722,0.918264660187598
triangle,3.78691272243053,0,0,5,0,0.75,1,0,0.880915760130012,7012.97036639502,3.94529719538113,0.394334662579716,0.774698854538851,79.61,NaN,0,1.34,1,0.000582115680030441,0.929244810533437
square,3.69542534255505,3.70628971727103,2.60026233695193,5,0,0.75,0,0,1.05942739161748,12289.3577427628,2.18792995904421,0.869745551205547,0.701475630112152,NaN,115.99,1,15.31,1,0.000626831372049989,0.898099420946542
square,4.17218413446292,3.70628971727103,2.60026233695193,5,0,0.75,1,0,1.03509704207744,10797.0972459098,2.12596754505978,0.822644284380615,0.702764769620545,NaN,104.3,1,12.91,1,0.000785109730472599,0.904662657433622
square,3.48557071564192,5.22227046139119,8.7746663361559,5,0,0.75,0,0,1.85118245060017,24324.5374008863,3.44029617758538,1.99265150622423,0.898639430880322,NaN,131.39,1,65.32,3,0.000510324037039825,0.886055685399723
square,4.37559217024021,5.22227046139119,8.7746663361559,5,0,0.75,1,0,1.56406345880124,16990.4213529579,2.92363692129366,1.67448928913751,0.758122850491626,NaN,108.62,1,39.33,3,0.000771957790631432,0.903439947738417
triangle,4.36683173393596,13.681700371506,11.9735373763938,5,0,0.75,0,0,112.272662937755,2410494.07327361,195.454380868833,148.468437568497,75.1443003872962,214.7,NaN,0,207.25,1,8.4171269618783e-05,0.805877731124108
square,3.88461082676674,13.681700371506,11.9735373763938,5,0,0.75,1,0,59.6425774104667,2303098.12670517,142.461805021683,36.7942767453881,52.6591748470287,386.15,NaN,0,378.17,1,7.2532266462091e-05,0.655962494043087
square,3.54054084686413,0,0,6,0,0.5,0,0,1.30238524188116,15567.4107962055,2.38229027169788,1.38251907717931,0.674468319572688,119.53,NaN,0,21.21,1,0.000588562167021442,0.887374885062059
square,4.64344236992262,0,0,6,0,0.5,1,0,1.14568537537388,10932.1298518176,2.17099476774717,1.17173914555468,0.619788582394493,NaN,95.41,1,11.29,1,0.000958752195915613,0.908704007765635
square,4.53822877477659,4.43885477128177,1.95591497730582,6,0,0.5,0,0,1.2745864879613,12726.7460822935,2.19575076040648,1.31884831569924,0.604129007662673,NaN,99.84,1,12.48,1,0.000888582014358058,0.905548772269666
triangle,4.61702819177469,4.43885477128177,1.95591497730582,6,0,0.5,1,0,4.21368783406907,18127.2850621651,135.543284811546,1.71161080519379,18.0035432016802,43.02,NaN,0,15.8,2,0.000896284914380925,0.958195235757658
triangle,4.58081443593383,6.88697772417551,6.08009457980697,6,0,0.5,0,0,4.43386843898626,21091.9121642576,133.50934249534,2.42148595618803,16.6882102176917,47.57,NaN,0,28.94,2,0.00065788446853366,0.953498696573934
triangle,3.65513086815041,6.88697772417551,6.08009457980697,6,0,0.5,1,0,4.4030453932962,24410.4836604341,122.648714324615,2.88894314750384,14.1775125077245,55.44,NaN,0,36.57,3,0.000327136182220928,0.946394214497083
square,4.53770850485923,12.1932249129348,14.1675029779449,6,0,0.5,0,0,167.52794771464,5538306.42349828,620.225991575663,47.7735195602149,213.542438074361,330.59,NaN,0,328.82,1,0.000119848083067205,0.680923433275167
triangle,4.72396095740414,12.1932249129348,14.1675029779449,6,0,0.5,1,0,184.487225325579,3661517.96103676,318.722823387148,209.255866582961,93.865862099398,198.47,NaN,0,196.66,1,0.000274066645894797,0.808824233737528
square,4.17605211061699,0,0,7,0,0.9,0,0,0.774644048929702,7854.89065614718,2.00684998230375,0.541200150043963,0.667689803942893,NaN,101.39,1,0.57,2,0.00081541744364758,0.913195653765336
square,3.3997256457149,0,0,7,0,0.9,1,0,0.787331836242607,9573.16779687386,1.99918292646521,0.553112457311997,0.657994382944545,NaN,121.58,1,0,0,0.000556924275938443,0.898963878738134
square,4.57992605988906,3.74352859107846,4.12791907893078,7,0,0.9,0,0,0.837609898710663,8098.01250073469,2.01093016950112,0.669040843583673,0.690084058044569,NaN,96.67,1,1.3,2,0.000925225066511462,0.917898241349553
square,4.06812825474145,3.74352859107846,4.12791907893078,7,0,0.9,1,0,0.870470003661216,9228.72297881622,2.00681120172399,0.723949606429618,0.695319403556384,NaN,106.01,1,2,1,0.000752171490696993,0.909830340375205
square,4.35730460960038,5.55852872096602,5.68146274469149,7,0,0.9,0,0,1.03263568378482,10640.2780857187,2.07335189735933,0.812582127287378,0.66307482183142,NaN,103.03,1,8.21,1,0.000818770716083278,0.912905929989653
square,3.37942081203516,5.55852872096602,5.68146274469149,7,0,0.9,1,0,1.15679393673778,14746.8091055333,2.18079666171604,0.937120182125604,0.685306722056647,127.48,NaN,0,19.61,1,0.000516572784276661,0.894263281564658
triangle,4.70142534857801,10.7380411098834,10.2748707345309,7,0,0.9,0,0,9.05563968430074,70009.150399329,95.946862221881,3.05796063057052,22.244637424757,77.31,NaN,0,55.04,2,0.000627180406215151,0.928486219438519
triangle,4.85921773351333,10.7380411098834,10.2748707345309,7,0,0.9,1,0,7.76057046406959,54944.8388856127,94.4274639088785,2.97921246238718,19.7545923395672,70.8,NaN,0,50.72,2,0.000494807652398976,0.934310419924773
triangle,4.75802780919436,0,0,8,0,0.75,0,0,2.73388783023264,10544.6053612073,111.94239627989,0.219609805215318,16.3751921783414,38.57,NaN,0,0.86,1,0.000570239974600033,0.9660205839274
triangle,3.00104475071389,0,0,8,0,0.75,1,0,2.09782457140977,11817.0458107512,112.108937173197,0.381832018445576,13.7525943528466,56.33,NaN,0,0.88,1,0.000249013028977165,0.950582930804186
square,4.05536013867688,3.06283234741999,4.94975102854415,8,0,0.75,0,0,1.0419349870329,11413.3558479584,6.19941056447084,0.799104745702358,0.805031668128591,109.54,NaN,0,10.32,2,0.000730345233521483,0.902403784534292
square,4.6026952110439,3.06283234741999,4.94975102854415,8,0,0.75,1,0,0.947967543322427,9178.22175444774,2.03599161990017,0.70473715064972,0.659000230921345,NaN,96.81,1,4.99,1,0.000927400923589791,0.913738885578322
triangle,4.14932243826038,7.49047145598195,9.50426244266002,8,0,0.75,0,0,5.2636355478663,19764.951482238,89.5238985364717,2.39530272144054,13.5518176428333,37.55,NaN,0,23.12,2,0.000496770292444702,0.962047183768097
triangle,4.4772805839908,7.49047145598195,9.50426244266002,8,0,0.75,1,0,5.84322211693519,18634.0353309063,81.8300285331814,2.1193106575304,14.5838841346218,31.89,NaN,0,17.36,1,0.000568917901383904,0.967194429374437
triangle,3.16696562720525,11.2336726299299,13.3320810865973,8,0,0.75,0,0,72.1068915751278,401202.744724011,133.304689363784,73.469213590392,41.5318230731912,55.64,NaN,0,52.38,1,0.000545327368788256,0.938887900960668
triangle,4.32188911589468,11.2336726299299,13.3320810865973,8,0,0.75,1,0,11.3989580928354,51192.7207949236,95.062915700744,5.22357008778683,22.7789246710519,44.91,NaN,0,37.47,1,0.000196815544479129,0.953644940725528
triangle,4.53805817067179,0,0,1,0,0.5,0,0,31.8405905080046,268543.540344511,121.943317022469,5.01717615632547,41.8039769299753,NaN,84.33,1,46.63,1,0.000844572706148983,0.916210711059709
triangle,4.85662612462838,0,0,1,0,0.5,1,0,31.3671003719901,252003.284388569,121.353581088863,4.75710351143722,41.53178306781,NaN,80.33,1,44.64,1,0.000939844135800517,0.920617731932656
square,4.72542143739934,0.0849146916863064,0.604297855492791,1,0,0.5,0,0,30.6369836782819,190194.394674774,111.651157387073,7.69915543274313,38.7904208734729,NaN,62.07,1,37.3,1,0.000821971398776684,0.93795815259474
square,4.68971134915253,0.0849146916863064,0.604297855492791,1,0,0.5,1,0,30.0370928795215,186500.309688949,110.67684038537,7.01448020803438,38.3765967890762,NaN,62.08,1,36.98,1,0.000815701629166053,0.937684439698578
triangle,3.06398203152513,7.76145670769387,8.14941692532211,1,0,0.5,0,0,13.2605746823733,7120.92860443447,120.987872382806,0.361977375544345,36.7252579932785,5.37,NaN,0,1.41,1,0.000167866886685192,0.993866171687192
square,3.72482292454611,7.76145670769387,8.14941692532211,1,0,0.5,1,0,20.1696944697728,11557.2349311798,101.826704827142,0.47286150401532,39.4636173859162,5.73,NaN,0,1.79,1,0.000166240554745334,0.995278307380013
square,3.24616749509189,12.4478499458866,10.9625519803104,1,0,0.5,0,0,26.4450670761055,12931.6378002156,108.730615835776,2.8379858759425,44.0244256228402,4.89,NaN,0,2.79,1,0.000356258430310209,0.995092747378302
square,3.29302982122978,12.4478499458866,10.9625519803104,1,0,0.5,1,0,25.8796945251814,12603.4112337633,108.877573638966,2.7030999848717,43.6783128917755,4.87,NaN,0,2.73,1,0.000357368245138444,0.995092759598199
triangle,3.56373371176086,0,0,2,0,0.9,0,0,0.516834075326201,6027.31898645416,1.94604213550716,0.340850403611296,0.515405978581833,NaN,116.61,1,0,0,0.000638659055796671,0.900485422730722
square,4.39032607888866,0,0,2,0,0.9,1,0,0.750574517874994,7295.58431374494,2.00329011656328,0.504969029413171,0.667356186801273,NaN,97.19,1,0.32,3,0.000893101411341418,0.916387488767521
square,3.24786455519614,2.67900527875557,2.22591582648021,2,0,0.9,0,0,0.766660371496907,9786.41964215802,2.00315772885234,0.586332883390554,0.688095692468212,NaN,127.64,1,0.52,2,0.000504894730877806,0.892884117413148
triangle,4.70599631068163,2.67900527875557,2.22591582648021,2,0,0.9,1,0,0.547698792458044,5107.83893846372,1.89968778807121,0.120558467649658,0.601418523353239,NaN,93.25,1,0,0,0.00104110214421676,0.920408156339156
triangle,4.1299591414764,6.35147166146349,6.04230679375657,2,0,0.9,0,0,1.1152818318096,12068.4647020117,2.58522279570585,0.985821714314586,0.807138506117564,NaN,108.2,1,24.09,1,0.000771499073611766,0.91050525979281
square,3.83405790328577,6.35147166146349,6.04230679375657,2,0,0.9,1,0,1.14010582833147,13089.5550150736,2.09889326016938,0.873500041015341,0.663046143971362,NaN,114.8,1,19.16,2,0.00064789266717919,0.904196168638308
square,3.21141885316344,14.7396656064658,10.4103560354886,2,0,0.9,0,0,124.066851050036,5795286.67939823,295.697238614725,33.9133529353882,113.023603940131,467.11,NaN,0,455.16,1,3.1272430454095e-05,0.59868312834716
triangle,3.33292088175284,14.7396656064658,10.4103560354886,2,0,0.9,1,0,41.170034684027,1158113.07566168,131.541249557488,17.3310584323813,40.0971341237728,281.3,NaN,0,268.75,1,8.78212669471289e-05,0.763804288558969
triangle,4.8624027692165,0,0,3,0,0.75,0,0,0.91976038341631,8306.3560226327,2.01639387958287,0.754064827096501,0.570355918628689,NaN,90.3,1,0.33,1,0.0011155050080669,0.918640705045057
square,4.47568330759518,0,0,3,0,0.75,1,0,0.964763088051181,9307.06951042975,2.01221178563311,0.816947203327015,0.64338623687334,NaN,96.46,1,3.12,1,0.000916527813195277,0.913188791188629
triangle,4.96879662448194,4.30220281519116,4.67202559480607,3,0,0.75,0,0,1.36425327738692,12575.6867109526,2.53680672629161,1.34378955958711,0.680693100041772,NaN,92.17,1,19.13,1,0.00109754741649924,0.920114549365234
triangle,4.57111797853006,4.30220281519116,4.67202559480607,3,0,0.75,1,0,1.41003726827465,13819.7752663598,2.52432151005872,1.44991125431402,0.666941537094594,NaN,98,1,21.05,1,0.000954137073190266,0.912443662640596
square,3.26786250197594,5.88801230252932,6.99294748367921,3,0,0.75,0,0,1.59781267750423,21719.067725315,3.23958678591026,1.65252561265876,0.912559206620087,135.93,NaN,0,43.45,2,0.000465019054605546,0.882921577590637
square,4.8782834121391,5.88801230252932,6.99294748367921,3,0,0.75,1,0,1.2822459285003,12324.9478647449,2.48674663971649,1.33781606861092,0.705108786506688,NaN,96.11,1,17.35,1,0.000982416367983539,0.914102422184797
triangle,3.9341363740577,11.4776691723768,11.6646814091809,3,0,0.75,0,0,27.3663637047823,142441.923083392,160.738438873969,6.06807370754226,46.8780108108675,52.05,NaN,0,44.98,1,0.00325469875995704,0.944307560372268
triangle,3.05045636298607,11.4776691723768,11.6646814091809,3,0,0.75,1,0,24.9184077433456,261817.710159332,195.002355505075,8.93744210605773,42.4880061909996,105.07,NaN,0,97.9,1,0.00138348252060655,0.897374710299533
square,3.69575838865452,0,0,4,0,0.5,0,0,0.991159357622021,9003.69160463844,4.06550535205463,0.85066376737074,0.641656228711242,90.84,NaN,0,2.59,1,0.000594182982367271,0.913486578060778
square,3.10847896888226,0,0,4,0,0.5,1,0,1.07333574634211,11385.9455971971,4.9833692295235,0.961582312878448,0.671027565896461,106.08,NaN,0,2.74,1,0.000431969735196802,0.897620971535345
square,4.7969722756686,3.31404030980487,1.65414497601652,4,0,0.5,0,0,0.897355491745729,6740.03709850217,2.96272065774586,0.670149736158663,0.626476459510629,75.11,NaN,0,2.49,1,0.000919023109655053,0.926058665937543
triangle,4.97683585756996,3.31404030980487,1.65414497601652,4,0,0.5,1,0,0.81485394137732,5307.14372019048,5.08390967088697,0.704765047803684,0.761995822379582,65.13,NaN,0,2.5,1,0.000918362127397506,0.936780854732215
square,3.57569868963027,8.53458709661381,9.99745810048852,4,0,0.5,0,0,2.0489523600615,23532.2178553063,4.28239897330448,1.75203147227582,1.28182168952883,114.85,NaN,0,52.73,3,0.000442939113395527,0.891975192691843
triangle,3.92967988325027,8.53458709661381,9.99745810048852,4,0,0.5,1,0,3.89093513235374,39559.1374906405,8.16838947654864,3.72818662492523,2.07395882691379,101.67,NaN,0,80.45,3,0.000486749710635233,0.901428227784225
square,3.35623390777353,14.0910201945384,10.5011077009775,4,0,0.5,0,0,3.69753116498803,40103.4230154602,86.3111628948629,3.27908553690816,6.79945655654096,108.46,NaN,0,77.33,3,0.000260852164355249,0.890489957208451
triangle,3.11340937813658,14.0910201945384,10.5011077009775,4,0,0.5,1,0,24.7022564030186,351019.063486894,121.92999759147,7.29485792657405,35.7592381495856,NaN,142.09,1,123.7,3,0.000313355855001618,0.859742421368778
triangle,3.41789334798627,0,0,5,0,0.9,0,0,5.34050947445058,28507.6395746172,83.7291306310375,0.131812593807749,19.0209637811125,53.38,NaN,0,4.67,1,0.00117744988326154,0.949265789383971
square,4.35078235467249,0,0,5,0,0.9,1,0,0.798545487552175,7823.35014154865,2.00616633987868,0.658582406875809,0.701328751932747,NaN,97.96,1,0.73,3,0.000878036778593933,0.914226439355886
triangle,4.49109214740343,4.56066237119811,0.520057873896893,5,0,0.9,0,0,0.746931995933477,5422.72629047704,6.0130413597056,0.137419905774539,0.91961120655021,72.6,NaN,0,2.61,1,0.000787687536403506,0.937990109406994
square,4.12372285056327,4.56066237119811,0.520057873896893,5,0,0.9,1,0,0.880063627609297,9175.54338145453,2.05715595462868,0.650979307882146,0.737395320484333,NaN,104.25,1,6.98,2,0.000777429706512989,0.909289897907045
square,3.26824586565736,7.98605675168927,6.49968495044894,5,0,0.9,0,0,1.72101448388373,23612.3187188848,3.24217444999313,1.66577274049606,0.830175220849375,NaN,137.19,1,53.77,3,0.000458108841685246,0.886314693585253
square,4.78988335088163,7.98605675168927,6.49968495044894,5,0,0.9,1,0,1.35075710738633,13313.0620503996,2.55932580062988,1.20758597615162,0.710496609803632,NaN,98.55,1,18.97,1,0.000930158306562743,0.914497435971804
square,3.88344411412885,11.2124327946836,10.2687719610436,5,0,0.9,0,0,2.64695595094749,41284.571966928,4.53754552516975,2.79385130065914,1.10072539853478,NaN,155.96,1,109.52,4,0.000424365689478415,0.866626505576426
square,4.79438270194714,11.2124327946836,10.2687719610436,5,0,0.9,1,0,2.25515079338332,30742.2156154014,3.89378709916343,2.33530616117672,0.920242074327229,NaN,136.31,1,81.29,4,0.000578271647732437,0.883835491812729
square,3.91211533368748,0,0,6,0,0.75,0,0,0.982475648631888,10572.4204549277,2.0069419376302,0.797922002843622,0.621185556144101,NaN,107.6,1,2.48,1,0.000721135111198587,0.905262501801137
square,4.99077945531018,0,0,6,0,0.75,1,0,0.912162206066858,8078.1084969281,1.99946976048386,0.689715282009278,0.627115156140848,NaN,88.55,1,0,0,0.00110753073501796,0.92196640528958
square,3.59648794377553,1.48673407943961,0.310226106598163,6,0,0.75,0,0,1.01693253835382,11814.7222305947,2.01317522827601,0.849304071393959,0.618352781524161,116.18,NaN,0,4.14,1,0.000614908281296256,0.898206188765237
triangle,4.01085628491541,1.48673407943961,0.310226106598163,6,0,0.75,1,0,1.17985774798412,9205.2501497721,4.12877180205842,1.03802610640606,0.714219550883589,78.02,NaN,0,12.56,2,0.00071854597809132,0.929926156490494
triangle,3.16172484626063,8.15534999606797,5.44945825388046,6,0,0.75,0,0,28.0148260281362,313233.769820591,126.251250422783,2.96769694339523,39.0231947005345,NaN,111.8,1,82.03,3,0.00077958212594437,0.895428022498157
triangle,4.81026948844714,8.15534999606797,5.44945825388046,6,0,0.75,1,0,7.34715034189657,66572.5292479248,23.4320619852067,2.06074152735972,7.86420402260144,90.61,NaN,0,51.12,3,0.00104407080046286,0.918225582870359
square,3.67619543760434,10.5457710602123,14.129044289278,6,0,0.75,0,0,21.2217397358948,657513.162237229,279.632752362386,12.9391788727671,29.9527128016854,309.83,NaN,0,290.76,2,0.000228521581905821,0.717947178033768
square,4.49262685540736,10.5457710602123,14.129044289278,6,0,0.75,1,0,128.517850266615,4291339.53825254,526.142081616982,15.4382858733582,184.368040678354,333.91,NaN,0,329.63,1,0.000387346129367126,0.699630046213558
triangle,4.20693596766154,0,0,7,0,0.5,0,0,3.8186244940307,16885.9575126038,106.624018797752,1.67722482404118,14.1315885278808,44.22,NaN,0,15.53,2,0.000592267718711332,0.956272852182095
triangle,4.45941889644646,0,0,7,0,0.5,1,0,2.94573139636377,12145.2505472078,90.5770935762992,1.42494701227627,11.7737572657421,41.23,NaN,0,8.97,2,0.000803573097989982,0.95963549073209
triangle,4.38506397277304,3.90688525899639,1.43988487807086,7,0,0.5,0,0,3.65188835086613,17521.7603074557,86.8522464899883,1.54731703548128,11.2655638177397,47.98,NaN,0,12.17,2,0.000730472378800218,0.952071090295128
square,3.79304158516319,3.90688525899639,1.43988487807086,7,0,0.5,1,0,1.09173469854139,12428.3078081952,2.065965642295,0.997739626788317,0.598618283107556,NaN,113.83,1,12.64,1,0.000656460794040053,0.891357288877061
triangle,4.21573181452589,8.90087765745587,6.68791932026023,7,0,0.5,0,0,1.65747721883138,9464.19491952716,104.735058482665,0.340063047449616,11.03522919319,57.1,NaN,0,2.57,1,0.000354865175301254,0.945156387728133
square,3.209626483947,8.90087765745587,6.68791932026023,7,0,0.5,1,0,1.46604266163801,20507.0047509925,4.31427894445842,0.951596202465275,1.35369797717123,NaN,139.87,1,47.22,3,0.000440901126336197,0.867704341189833
triangle,4.78095135836888,12.747700535076,12.4261470429248,7,0,0.5,0,0,29.7188439318146,582786.529502885,119.908291440296,5.36963573125833,35.3084451720062,196.1,NaN,0,152.61,1,0.000192909441355638,0.804359418425061
square,4.46868216739194,12.747700535076,12.4261470429248,7,0,0.5,1,0,23.794474663792,631933.658120988,87.5357020689194,4.33394915483394,31.8239642603237,265.58,NaN,0,215.75,6,0.000208438247389909,0.746543502662079
triangle,4.59670172822791,0,0,8,0,0.9,0,0,10.3946961174433,44686.7986088887,107.137194552504,0.0894400345668523,30.4432868052534,42.99,NaN,0,4.94,1,0.000655730166566215,0.95956774030162
square,4.36743114481672,0,0,8,0,0.9,1,0,0.749678284140795,7315.36069664588,2.00326890121114,0.560941750686153,0.698400823439485,NaN,97.57,1,0.37,2,0.00088484532350246,0.914296124914055
triangle,3.23498570430367,3.61362269828383,0.551767403211743,8,0,0.9,0,0,25.3221267955857,248030.231962761,107.684230171028,0.15436648872899,35.7405869425387,97.95,NaN,0,43.56,1,0.000517725100532729,0.916047885136113
triangle,3.65762842951361,3.61362269828383,0.551767403211743,8,0,0.9,1,0,24.6947914044727,214375.484182227,105.379842743768,0.117813656534284,34.9813906602076,NaN,86.8,1,38.63,1,0.000668733622367702,0.923466747344638
square,4.48006465597556,8.7456573155176,7.91592865727438,8,0,0.9,0,0,1.67624113170634,18448.70989556,12.4103492783815,1.47930349336022,1.15482577066876,110.06,NaN,0,36.35,3,0.000790953256321816,0.906533206607775
triangle,4.4699150833921,8.7456573155176,7.91592865727438,8,0,0.9,1,0,23.6642598672945,187988.880385788,110.210184078737,2.20512456247306,34.856607584714,79.44,NaN,0,47.27,2,0.000796967705415848,0.930778622503902
square,3.7328732326384,14.3346514587596,10.4311726493175,8,0,0.9,0,0,142.571917159122,5728967.34720501,353.247861029513,34.8597430423055,132.633062705353,401.83,NaN,0,390.72,1,4.47824818654506e-05,0.656896677736805
triangle,4.37005694532322,14.3346514587596,10.4311726493175,8,0,0.9,1,0,18.8136919086379,276768.221667972,145.072983049715,22.8181792657176,22.4569792657806,147.11,NaN,0,135.4,1,5.12231090085377e-05,0.868480802473701
square,3.41205571901039,0,0,1,0,0,0,2500,31.3319421247577,247929.658033208,113.573160842512,9.66645352775704,38.9434292397571,NaN,79.12,1,46.95,1,0.000499053275859617,0.924140553345037
square,4.54386783419822,0,0,1,0,0,1,2500,30.8079847432322,197879.68600578,112.971233883773,7.95991986953727,39.0103808112371,NaN,64.22,1,38.46,1,0.000778819107824458,0.937070875326247
triangle,3.4579065040462,1.94135815523901,2.75889265978614,1,0,0,0,2500,31.9575561684437,334244.079965752,122.922669006377,5.22919988206762,41.9161396660232,NaN,104.58,1,56.44,1,0.000532741756835518,0.901506733239608
square,3.96896074479636,1.94135815523901,2.75889265978614,1,0,0,1,2500,29.1429664169583,198988.174694991,109.374951557783,6.1149916370757,37.6733954974769,NaN,68.27,1,39.22,1,0.000635342570531719,0.933567503089143
square,3.58813266751726,8.90965983294001,5.50303161181211,1,0,0,0,2500,25.8910109454354,180071.981125503,103.042412279106,2.57881573410533,35.3072444284979,69.55,NaN,0,35,1,0.000537529792556264,0.93382725836701
square,4.06174451405586,8.90965983294001,5.50303161181211,1,0,0,1,2500,24.5826641130351,151699.620241539,99.4968345709392,3.09923092777034,34.1531461704923,61.71,NaN,0,32.3,2,0.000659806504721963,0.938673359356511
triangle,3.22456792431205,12.026577099403,10.5242312355788,1,0,0,0,2500,18.7640031365478,7805.8253048039,129.141848613295,1.7635709016373,43.5580697347349,4.16,NaN,0,1.96,1,0.000343939411102244,0.995092511037913
triangle,3.58314063581386,12.026577099403,10.5242312355788,1,0,0,1,2500,17.7393784923899,7681.15088720483,128.935333958723,1.68717316949995,42.441033705399,4.33,NaN,0,1.96,1,0.000281576137003685,0.994957754240975
triangle,4.38950438923588,0,0,2,0,0,0,5500,2.93012939345329,33608.5841429093,5.92904473683326,2.49556205594607,1.29934479272144,114.7,NaN,0,71.03,3,0.000489853125322289,0.934961238565006
triangle,3.8652846522942,0,0,2,0,0,1,5500,3.07231456113355,39347.1325844374,5.90418002913106,2.68508436548207,1.41502589359099,128.07,NaN,0,81.02,4,0.000384738204406403,0.927066495476413
square,3.37492161284337,0.548775253615258,4.66879924192666,2,0,0,0,5500,4.87454972842539,112402.242187761,89.1604768943628,2.69644421115524,10.9786501532397,230.59,NaN,0,147.53,3,0.00020757298509894,0.864908491521021
square,4.59566052042319,0.548775253615258,4.66879924192666,2,0,0,1,5500,4.53773388106617,119337.863338159,13.7792846447179,3.20806772914983,3.48948179127942,262.99,NaN,0,187.88,3,0.000294580127878862,0.854274864246868
square,3.54587758824738,8.84479132029434,6.98003372608938,2,0,0,0,5500,29.1115320811551,1231505.1416291,96.9969021252133,11.1184210169076,34.3420501584615,423.03,NaN,0,417.09,1,7.11908333844224e-05,0.769092980085782
square,4.34658982821731,8.84479132029434,6.98003372608938,2,0,0,1,5500,48.8852227490019,1687077.92229081,171.5492926688,10.2905648103935,63.6206103426924,345.11,NaN,0,338.86,1,6.89059767987944e-05,0.81292680355213
square,3.11880659371655,12.2586961745237,13.0492858464511,2,0,0,0,5500,663.602213955895,31915948.4802088,2083.92048422813,337.142427309447,641.553936127578,480.95,NaN,0,479.6,1,0.00056493763818917,0.7384677876769
triangle,4.54544426172587,12.2586961745237,13.0492858464511,2,0,0,1,5500,417.108801264688,8603703.24368672,708.663747833717,485.210654640388,191.636944881415,206.27,NaN,0,204.92,1,0.000929618586459698,0.888227613414238
square,3.1847046774384,0,0,3,0,0,0,1000,1.70951357589417,23187.8421434285,3.58931021801969,1.71682034982321,1.00524666144349,NaN,135.63,1,46.69,2,0.00046819318726292,0.863370351533197
triangle,3.84621877032833,0,0,3,0,0,1,1000,2.03898617779835,23097.6354220997,3.24878082101575,2.14479132654911,0.873239616236646,NaN,113.27,1,66.84,3,0.000710192259391006,0.884341173492144
triangle,3.21763587654609,3.61461262346012,2.65604646791219,3,0,0,0,1000,2.55008402134966,34464.3855485407,4.30025085098989,2.58580624712032,0.985625675154783,NaN,135.14,1,100.95,3,0.000493117036964911,0.862140759257356
square,3.25299973065861,3.61461262346012,2.65604646791219,3,0,0,1,1000,1.65016766240636,22336.6694783325,3.80562909053216,1.40421785193652,1.12404548656631,NaN,135.35,1,48.49,2,0.000474843972559076,0.863332168890019
square,3.33650259698306,5.49297046355499,5.71013624215964,3,0,0,0,1000,3.08945513999402,65913.5254117723,24.4154070300544,0.668266588992124,5.85746687068117,213.35,NaN,0,60.02,2,0.000437342864376472,0.78341809686317
square,3.63495955029887,5.49297046355499,5.71013624215964,3,0,0,1,1000,3.9755866836423,98268.5516462703,23.142265900754,0.799502483676555,5.83167632729292,247.18,NaN,0,103.78,3,0.000352073959508306,0.746650882490402
triangle,4.78584481057195,11.0878165471141,11.2552092300787,3,0,0,0,1000,88.5268672718677,1734152.80298862,144.558412290734,112.361827373952,43.3983129359345,195.89,NaN,0,192.89,1,0.00022683966048029,0.799430732996118
square,4.11147588543877,11.0878165471141,11.2552092300787,3,0,0,1,1000,22.7009130452785,22587.4084800521,140.467519587339,4.43343205571054,39.8356738212013,9.95,NaN,0,6.92,1,0.0027317855106303,0.988968495746644
triangle,4.82760082155914,0,0,4,0,0,0,2500,0.608728626823474,4005.43436449846,4.19636923120235,0.52443128538832,0.569493312531628,65.8,NaN,0,2.35,1,0.00089343181990864,0.938840567616197
square,4.11557793350975,0,0,4,0,0,1,2500,1.41302389194371,13425.1399973572,4.77397343350584,0.853698941289522,1.34171072842426,95.01,NaN,0,23.92,2,0.000671792815154014,0.907469628376534
square,4.97586946990499,0.831017814510753,3.11248629639948,4,0,0,0,2500,0.854127259840673,6275.27297804942,1.98508209921671,0.666003026165772,0.552794436160232,73.47,NaN,0,0,0,0.000985002684846681,0.929080673829346
square,3.51558450114403,0.831017814510753,3.11248629639948,4,0,0,1,2500,1.19337327189154,14435.0430968001,2.16781491022753,1.05045308962315,0.625252354496417,NaN,120.95,1,14,1,0.000576955082988791,0.888750928826883
triangle,3.80477666539232,5.36997384788469,8.42048033481004,4,0,0,0,2500,2.43887063607941,21662.0489896573,5.80998517195106,2.64132317902941,1.01244096021926,88.82,NaN,0,62.3,3,0.000533470299183801,0.916623114671
triangle,3.80436797044497,5.36997384788469,8.42048033481004,4,0,0,1,2500,2.39908914523027,21541.4214350226,7.90976709258538,2.52995251020493,1.08914088241222,89.79,NaN,0,62.18,3,0.000540292238576844,0.915837258092868
triangle,3.32226794369872,10.7718490273964,11.9067260222224,4,0,0,0,2500,8.78689978230589,132374.645220438,23.7822897341216,6.44422214860567,6.99458151257639,150.65,NaN,0,129.97,3,0.000254103225804876,0.855635544866066
square,4.74222224383078,10.7718490273964,11.9067260222224,4,0,0,1,2500,9.78263767483397,235037.652775561,57.9401400110178,2.52161380362566,12.5341420906665,240.26,NaN,0,214.26,3,0.00023886868086879,0.776498931213253
triangle,4.06125860771377,0,0,5,0,0,0,5500,1.87940866299286,26802.2469429411,4.36840220197377,1.80722578390562,0.962305879092675,NaN,142.6,1,56.55,2,0.000592329877615309,0.92121136483846
square,4.19498038374516,0,0,5,0,0,1,5500,2.08373332752425,42931.1577469822,17.5804111203556,1.78338262232616,2.1588698270255,206.03,NaN,0,69.33,12,0.000401906257757473,0.881709527653369
square,3.84529130644092,1.49612511666553,2.26296270784662,5,0,0,0,5500,3.00281473638682,36544.2553418276,14.966372420185,1.62231341507873,3.29913492411621,121.7,NaN,0,38.8,3,0.000627059915535537,0.931352481912446
triangle,4.11663839973859,1.49612511666553,2.26296270784662,5,0,0,1,5500,1.75967534352869,25944.653264987,3.72841978646104,1.86653156039622,0.822646407036379,NaN,147.43,1,53.65,3,0.000578819633817318,0.919550005368174
square,3.24974551743963,7.12167391812845,7.14677894288103,5,0,0,0,5500,14.1116554956619,61921.9443149644,88.3138861307251,0.0293594123732473,28.237446838872,43.88,NaN,0,11.2,2,0.00117203023060529,0.96274908543628
square,3.58037053026145,7.12167391812845,7.14677894288103,5,0,0,1,5500,14.4948817964938,57979.527185975,88.2963476785305,0.0900747796312953,28.7106120203161,40,NaN,0,10.26,2,0.00141098939941566,0.964648138806078
square,4.87146174556976,13.2684506698324,14.7846796203534,5,0,0,0,5500,53.1359600796682,181778.119432545,108.168425297572,44.211484738029,31.8999633474104,34.21,NaN,0,31.17,1,0.00301366926120704,0.956012101784696
triangle,3.48095679366417,13.2684506698324,14.7846796203534,5,0,0,1,5500,38.1042139636844,48849.6023014434,123.037472401545,4.97954436453867,52.0566199885521,12.82,NaN,0,7.29,1,0.00175297507208044,0.978567213598955
square,4.48737668297465,0,0,6,0,0,0,1000,1.3768260610658,13899.0590864592,2.57766062554143,1.41590522428655,0.723508568266143,NaN,100.94,1,25.29,2,0.00087560720138213,0.896759355132508
square,4.36312086094063,0,0,6,0,0,1,1000,1.40792338367264,14517.0980090486,2.62970772190836,1.43788610425664,0.740592168571298,103.11,NaN,0,27.47,2,0.000834605551972862,0.894106523421385
square,4.64714894785568,1.06081602627467,0.492593688440542,6,0,0,0,1000,1.35930972037269,13368.8110998654,2.53527198494746,1.39960769319603,0.707163067928898,98.35,NaN,0,22.85,2,0.000929517823830957,0.898938002531026
triangle,3.32713981956999,1.06081602627467,0.492593688440542,6,0,0,1,1000,4.29426054570123,23395.1314529803,132.571888480237,3.05558910814099,13.9274875039748,54.48,NaN,0,38.45,3,0.000406219680969533,0.944522651646871
square,4.40540461390095,9.47194687677121,7.58279104175635,6,0,0,0,1000,4.47669715883632,152436.014955536,38.6316240837082,2.14047146860227,7.01847758059921,340.51,NaN,0,205.57,15,0.000222618558168723,0.652338446872031
triangle,4.9069141397725,9.47194687677121,7.58279104175635,6,0,0,1,1000,6.65995721045574,44921.4113845239,134.576502426794,5.549388678823,13.0183218507839,67.45,NaN,0,60.29,1,0.000280386909823623,0.931356061396917
triangle,4.61840770258759,13.3986694910523,10.1828150902423,6,0,0,0,1000,126.672504127854,2571451.83379543,244.410975708017,150.486513959773,87.8840678089178,203,NaN,0,197.73,1,3.32360479600584e-05,0.793784372959612
triangle,3.24037403597416,13.3986694910523,10.1828150902423,6,0,0,1,1000,73.5776416815726,2128674.75148958,181.863987914484,32.7040851472358,70.689456698516,289.31,NaN,0,283.88,1,1.98086184611566e-05,0.706545571599589
square,3.7977615047664,0,0,7,0,0,0,2500,0.938360215859936,10450.5177240321,1.97388025124401,0.90344479864423,0.555951307338982,NaN,111.36,1,0,0,0.000676525995365644,0.896406154220918
square,3.36147552050959,0,0,7,0,0,1,2500,0.974957722258453,12109.9498681722,1.96370753652056,0.941360573260766,0.561285091899646,NaN,124.2,1,0,0,0.000538467007549251,0.883485939373019
triangle,4.30739977801651,0.102678873290923,4.61837806310204,7,0,0,0,2500,2.67051433618109,11266.899984348,100.89917049291,0.641754129374845,14.2056055945651,42.19,NaN,0,1.02,1,0.000606296942123789,0.960212736780741
triangle,3.32702473705505,0.102678873290923,4.61837806310204,7,0,0,1,2500,2.18157789756996,11501.2786759888,89.1670304306231,0.778470244362139,11.2185180679092,52.72,NaN,0,0.88,1,0.000549377258762583,0.95005291757153
square,3.88007119152051,8.97328942694377,7.88697098353324,7,0,0,0,2500,1.4218325753845,17215.5488227556,3.60456926523716,1.38472207361009,1.08716416983526,NaN,121.07,1,33.82,2,0.000607933852389757,0.887714045780555
square,4.5038927877349,8.97328942694377,7.88697098353324,7,0,0,1,2500,1.25827760539682,13849.8616026028,3.3476334424499,1.21212489051328,1.01451648360904,NaN,110.06,1,25.24,2,0.000750995744125712,0.895588532227859
triangle,4.34240437071307,10.3209354369595,13.8366475538829,7,0,0,0,2500,5.87100662532126,74485.4610554509,17.2920009543006,4.6959284485287,4.42850819802986,126.87,NaN,0,109.95,3,0.000422605038365131,0.873866832066769
square,4.2841216568677,10.3209354369595,13.8366475538829,7,0,0,1,2500,3.2739561651426,46477.0817203643,29.8134603716183,2.86947102855506,2.46080045653736,NaN,141.95,1,106.7,4,0.000598876356501265,0.857066191909574
triangle,3.6348557273117,0,0,8,0,0,0,5500,2.0821000445334,31296.0457693815,5.53862856888687,1.72714590066986,1.47613861001239,NaN,150.3,1,46.97,5,0.000504689431319919,0.914696251682343
triangle,4.57814702987792,0,0,8,0,0,1,5500,1.83692951151039,30774.0801063335,4.87468127288354,1.47348651622711,1.18262704942294,167.53,NaN,0,66.08,5,0.000568443382990644,0.904187892231929
square,4.90178883075627,2.52818308785878,3.17830694430688,8,0,0,0,5500,20.3885959601158,140885.1980844,96.6702406436402,2.77912981955482,29.030778994078,NaN,69.09,1,41.09,1,0.00108744952508727,0.951619105490172
triangle,3.12003763955895,2.52818308785878,3.17830694430688,8,0,0,1,5500,2.11503590746504,51814.1496610784,6.27564859833843,1.98613744679162,1.47748823470616,244.98,NaN,0,118.1,12,0.000263779734687935,0.864328889491684
square,4.9940065432133,8.15594367134506,6.77536825939425,8,0,0,0,5500,36.8301562796149,34546.6865902787,131.669178464644,3.99279847466208,50.3431449468577,9.38,NaN,0,6.58,1,0.00224630473953951,0.981234006578965
triangle,4.30490214593723,8.15594367134506,6.77536825939425,8,0,0,1,5500,21.824496902252,27520.6905937398,140.783665685908,2.69136009753768,39.4818299969983,12.61,NaN,0,6.5,1,0.00222448814914232,0.981288025043487
square,3.05026997142041,11.9362271574157,10.7109357964525,8,0,0,0,5500,52.7841104794062,37951.7754346931,131.690619584201,15.3180755351004,54.2021348852396,7.19,NaN,0,6.1,1,0.00230553100867837,0.983035647415431
triangle,3.36820057885502,11.9362271574157,10.7109357964525,8,0,0,1,5500,44.9803603006754,26898.2554598039,148.739172629822,7.30082909751662,61.4012459408344,5.98,NaN,0,4.89,1,0.00248269176354964,0.986643597229335
triangle,4.46845938238663,0,0,1,0,0,0,1000,2.93246973762967,10768.0288765761,115.023682338478,1.03879614829781,14.8820454410572,36.72,NaN,0,1.04,1,0.000525992707268318,0.961247848455269
triangle,3.35371011525061,0,0,1,0,0,1,1000,2.70271412072417,12491.9446659871,114.59946786071,1.32339450148843,13.0150561613115,46.22,NaN,0,1.04,1,0.000317564186460951,0.952589622932068
square,3.44754080939408,1.3266101809646,4.622904476198,1,0,0,0,1000,3.80397616651275,12187.9396375069,101.189135319138,0.386205729865931,17.9300147505108,32.04,NaN,0,1.12,1,0.000309773674167352,0.966375460579212
triangle,3.17500069915317,1.3266101809646,4.622904476198,1,0,0,1,1000,1.8905142119597,9182.22752748824,114.969713988224,0.53373711273227,12.502555147785,48.57,NaN,0,0.59,1,0.000288495614158869,0.949412888619374
square,4.44634695836619,5.90308443876554,5.22525553736787,1,0,0,0,1000,24.9390744026923,9900.81253786885,100.231144605211,0.700130973466136,42.7855771560641,NaN,3.96,1,0.98,1,8.5263619342733e-05,0.996525573300868
square,4.32123364900581,5.90308443876554,5.22525553736787,1,0,0,1,1000,24.1800619175628,9986.36557195342,100.05659793757,0.50394003104377,42.514681351209,NaN,4.12,1,0.99,1,8.47020317569724e-05,0.99509307192134
triangle,4.82113997704606,13.1367325122173,10.1082490731515,1,0,0,0,1000,18.0536002950647,7293.65451920613,130.197852408091,1.92431958468306,42.6751763495801,4.04,NaN,0,1.98,1,0.000357523488548578,0.995092738019872
triangle,4.49169496868544,13.1367325122173,10.1082490731515,1,0,0,1,1000,16.8379034070191,7038.24362413397,130.023870291233,1.77476321055641,41.2953723458087,4.18,NaN,0,1.97,1,0.000306216538108184,0.995092683795067
triangle,4.15098971940563,0,0,2,0,0,0,2500,0.777587795240184,8027.81639805966,2.00336808040128,0.755172961914626,0.500298755612548,NaN,103.23,1,0.18,1,0.000837071597965294,0.903534387650162
square,3.55013951164387,0,0,2,0,0,1,2500,0.92723142265577,10978.4200442443,1.97492714949583,0.929410545001986,0.520200845916821,NaN,118.39,1,0,0,0.000597011077219749,0.891421932470473
triangle,4.60889916722614,2.25819385225986,1.13856413013274,2,0,0,0,2500,0.660333554534336,6294.29944182129,1.99728248378867,0.509487985557497,0.447481881603315,NaN,95.31,1,0,0,0.000999094641075522,0.911745304080867
triangle,3.05998390053878,2.25819385225986,1.13856413013274,2,0,0,1,2500,18.2261444767498,122825.987628817,119.079782845121,1.7455769876966,36.0047800829891,67.39,NaN,0,23.23,2,0.000739652176978374,0.931575042602802
square,4.97828981940068,5.43538609950446,9.01045720277902,2,0,0,0,2500,0.980975327899347,9181.92906913788,2.08875776329764,0.847899291765841,0.645196628567375,NaN,93.59,1,6.61,1,0.00102030896949312,0.913634438058473
square,4.87879672376907,5.43538609950446,9.01045720277902,2,0,0,1,2500,0.964971611642725,9129.59641775182,2.10103705425108,0.799276648745878,0.637487837457765,NaN,94.6,1,4.34,1,0.000992140553427887,0.910314811239429
triangle,4.06827513576546,13.4191930687318,13.9186824004161,2,0,0,0,2500,8.57391432581342,71455.001991329,91.4337627715654,6.0416311869991,14.3567644370593,83.34,NaN,0,73.54,1,0.000197963313211893,0.910134377073499
triangle,4.79800979781228,13.4191930687318,13.9186824004161,2,0,0,1,2500,9.57500133089609,68365.5095025981,88.8443651376871,5.64512106647693,16.7507461313444,71.4,NaN,0,60.31,1,0.000175415745425722,0.923413927009318
square,3.36428215178087,0,0,3,0,0,0,5500,5.9309422846806,51759.3333184076,95.3424463627294,1.89965693829581,18.1080307511506,87.27,NaN,0,37.87,2,0.000548562091231986,0.946030381290121
triangle,3.21388331710041,0,0,3,0,0,1,5500,8.1108371483374,55072.584237211,110.990427312947,3.9857672285072,20.9058770363533,67.9,NaN,0,53.73,3,0.000256163847650532,0.956480394152199
triangle,3.82125818011903,4.69830505080533,1.77227865483664,3,0,0,0,5500,10.3647489455662,72345.9476400521,108.797099253352,2.97807217075108,26.1468686871674,69.8,NaN,0,46.26,2,0.000391216389921985,0.951797481202566
triangle,4.89115837807053,4.69830505080533,1.77227865483664,3,0,0,1,5500,9.57706467968428,54723.347579716,109.558992144083,2.24333399803144,26.3165460553497,57.14,NaN,0,34.62,2,0.00108286367002778,0.962047656401332
triangle,3.67339852878295,9.94151131156643,8.83415693608297,3,0,0,0,5500,6.78880933857285,62457.0459148702,90.9623064060807,2.95662571773059,17.5070885109316,92,NaN,0,66.31,1,0.000450176961652028,0.942327716013025
square,3.48833057358056,9.94151131156643,8.83415693608297,3,0,0,1,5500,7.28176546122625,69635.5231057066,90.9202578638687,1.72422940813281,20.794628483515,95.63,NaN,0,34.34,2,0.000428334211485124,0.937311200555642
triangle,3.82318702681507,13.4008918561525,12.639234152094,3,0,0,0,5500,31.4737023177159,36037.3891537848,137.147246272312,2.18164110954819,50.2150580338793,11.45,NaN,0,5.89,1,0.000464773125543891,0.980391583712243
triangle,4.50104011184747,13.4008918561525,12.639234152094,3,0,0,1,5500,13.4988247331472,103846.458672102,178.777843088943,1.08325002191548,41.5817718553727,76.93,NaN,0,7.64,2,0.000116772061746203,0.944501107929084
square,4.02363983991695,0,0,4,0,0,0,1000,2.11979663002832,11135.2916975388,105.187755952289,0.968952960910025,10.19108266146,52.53,NaN,0,6.41,2,0.000417188743899233,0.945276202990607
triangle,4.43914026971898,0,0,4,0,0,1,1000,0.997613994437412,7103.01164039437,5.49982909911857,0.928898410671766,0.710870677298989,71.2,NaN,0,2.97,1,0.000752569406474002,0.925510622717199
triangle,3.69289752260072,1.77267152478461,4.85629407591703,4,0,0,0,1000,1.33005521320525,11465.0759378292,6.27954493303007,1.25392750840761,1.01699616399518,86.2,NaN,0,23.78,3,0.000521381393152025,0.911069886752389
square,3.90938972998382,1.77267152478461,4.85629407591703,4,0,0,1,1000,1.46078498797402,13661.261207533,3.50255238226994,1.56352720203964,0.643097740611693,93.52,NaN,0,21.47,3,0.000612911539833055,0.903302902290621
triangle,3.61782918713363,6.0886603417865,5.62827293681313,4,0,0,0,1000,1.64531730901008,14783.1760214555,4.34002834165238,1.67034845034732,0.984988008818881,89.85,NaN,0,33.31,3,0.00048773436941256,0.908837537027286
triangle,4.56574414595825,6.0886603417865,5.62827293681313,4,0,0,1,1000,1.48619308078389,10965.1325500235,5.49285748528367,1.56975619231302,0.919970783113666,73.78,NaN,0,23.95,3,0.00076089008596775,0.92175393404917
triangle,4.84466399559255,10.0490112613153,14.2160666900525,4,0,0,0,1000,91.6572637430432,1773751.36795537,161.354261029982,110.131399733074,54.5109776356731,193.52,NaN,0,191.03,1,0.000278872382362529,0.799395594289252
square,3.0853197118701,10.0490112613153,14.2160666900525,4,0,0,1,1000,137.615010399663,6690704.19062122,507.25187987557,20.8889330788861,185.274728187033,486.19,NaN,0,367.3,3,0.000130396772191378,0.501492288888176
square,3.44855414132903,0,0,5,0,0,0,2500,1.20567011981539,11463.5114992048,2.30748178407913,1.257559663102,0.766846100303831,95.08,NaN,0,20.67,1,0.000526910434154441,0.909835118181494
square,4.34606233000824,0,0,5,0,0,1,2500,2.05986112546183,10989.3591043389,96.0261193856935,0.398252413599745,9.43884822817773,53.35,NaN,0,15.16,2,0.000480162615120697,0.949619619406648
triangle,3.35424750899663,3.11858206333721,1.18222466320455,5,0,0,0,2500,1.319248221488,12269.0084598384,2.88388719935314,0.83492448243065,0.966085811654142,93,NaN,0,30.75,1,0.000427504512478266,0.914243755174179
triangle,4.53384333587053,3.11858206333721,1.18222466320455,5,0,0,1,2500,1.16465823124711,8399.51516375415,2.65322910554849,0.620838698702551,0.920408463361087,72.12,NaN,0,21.87,2,0.000745638547418891,0.931866071986227
square,3.19819056484492,5.53944452542182,5.91113752800528,5,0,0,0,2500,1.95990627410375,21858.8346750792,3.50526277469825,1.97277460813255,0.820738949053641,111.53,NaN,0,54.88,3,0.000421433699127922,0.896420684335814
triangle,3.38649066093774,5.53944452542182,5.91113752800528,5,0,0,1,2500,2.47623243040071,24326.5073962566,4.75643419231005,2.42890690438002,1.2906506329841,98.24,NaN,0,60.95,3,0.000416047652572788,0.910275090250785
triangle,4.11459031160952,10.4954482484091,10.2208278588133,5,0,0,0,2500,10.33574517371,159945.656563162,45.2509135509433,6.52415590014245,11.8221758990917,154.75,NaN,0,142.88,1,0.000160168689370923,0.856430061572293
square,3.62388011499254,10.4954482484091,10.2208278588133,5,0,0,1,2500,2.74450870394432,78814.0564511689,10.8478477642498,1.83814922480443,1.64576442269349,287.17,NaN,0,132.21,4,0.000166667790552317,0.73869597157696
triangle,4.0203050395305,0,0,6,0,0,0,5500,49.4623294451678,55051.5726724718,105.682985567048,16.8610364562958,46.7429308031141,11.13,NaN,0,9.95,1,0.00168449007769812,0.983094164865517
square,4.25784787730464,0,0,6,0,0,1,5500,9.8823179190899,140566.090081135,92.0737845714603,1.88252919019773,21.3536196230074,NaN,142.23,1,49.81,2,0.000532929370636303,0.918652156483273
square,4.00256582640643,1.95427376363177,0.273083076118288,6,0,0,0,5500,11.5792494831877,149916.543058832,93.5468612128958,1.92405025472573,23.2480013004949,NaN,129.46,1,54.46,2,0.000553144933308021,0.926115774100591
triangle,4.99512069902438,1.95427376363177,0.273083076118288,6,0,0,1,5500,47.1252347276289,55937.6536216955,100.518433986843,21.0470218299677,42.4095484473751,11.87,NaN,0,10.56,1,0.00217694227062574,0.98026534871227
square,3.27509318953413,7.42825834949009,9.47223877783697,6,0,0,0,5500,57.1441506741443,88859.1542982944,116.456463198134,83.2382201098132,44.8041189449826,15.55,NaN,0,12.27,2,0.000637078675754669,0.974906323126268
triangle,4.85471244999625,7.42825834949009,9.47223877783697,6,0,0,1,5500,36.7626613676504,41431.519361342,115.019419225909,1.3768321094581,52.2867828161587,11.27,NaN,0,3.59,1,0.000411846436652321,0.981491785254997
triangle,3.68657578048269,13.5678700579716,13.0916869181097,6,0,0,0,5500,37.5962788550177,66432.6247368163,138.520740023118,19.5364455434457,48.2879252744028,17.67,NaN,0,13.39,1,0.000444479991805288,0.973049684531331
triangle,3.24954808132099,13.5678700579716,13.0916869181097,6,0,0,1,5500,34.6425186047539,59446.5619257577,135.132355192366,15.0138843636503,48.2850553897016,17.16,NaN,0,12.83,2,0.000459335108917582,0.97324660027551
triangle,3.79656445643755,0,0,7,0,0,0,1000,3.47239741521035,16795.9862973725,94.7624267009565,2.61863472085564,9.91040642550074,48.37,NaN,0,30.62,2,0.000569578631160903,0.949489362082965
square,4.67044102095626,0,0,7,0,0,1,1000,1.09096782771791,10617.2988993507,2.10813072187069,1.20326374049119,0.589344447598419,NaN,97.31,1,5.09,1,0.000944208940509343,0.899370079227244
square,4.09861706603661,2.76130808429177,4.89564566216946,7,0,0,0,1000,1.08096883355941,11729.5928129532,2.0585600447901,1.00596072827739,0.586863780501861,NaN,108.5,1,7.29,1,0.000738349405099065,0.888576447457283
square,4.23894311035556,2.76130808429177,4.89564566216946,7,0,0,1,1000,1.07872101682982,11374.0344014537,2.03788124858892,0.985702591256008,0.591955989958873,NaN,105.43,1,7.85,1,0.000785816840148521,0.890994819006125
triangle,3.98469020876988,8.78254771750972,7.06950374345095,7,0,0,0,1000,1.99333772775658,12621.8144921547,108.246399918731,1.14481434701293,9.58334359120373,63.32,NaN,0,2.33,1,0.000268935650162739,0.936514195515604
square,4.94546777015957,8.78254771750972,7.06950374345095,7,0,0,1,1000,1.25901046641864,13870.5183085342,3.38988026319088,1.0040347816818,0.947623906266012,NaN,110.16,1,24.32,2,0.000789316775587859,0.887016189196443
square,4.90834891275909,14.1890159153929,13.6953611363676,7,0,0,0,1000,212.519320187739,6495227.98289785,579.870554162962,31.8453531198205,213.127395274976,305.63,NaN,0,288.6,1,0.000125828385094707,0.673081105396658
triangle,3.71373797236508,14.1890159153929,13.6953611363676,7,0,0,1,1000,106.17406994376,2680258.22166027,174.747703284558,141.103412501639,72.7753928570118,252.44,NaN,0,231.83,1,9.65246391264743e-05,0.731325524214809
triangle,4.42225710236065,0,0,8,0,0,0,2500,1.93435596807327,8091.4110144505,113.310623587675,0.415998862873258,12.9416414023086,41.83,NaN,0,0.56,1,0.000464513391129885,0.960125862586382
triangle,4.18121730583927,0,0,8,0,0,1,2500,1.83107135736705,7913.89040654039,114.231406887075,0.438082501126765,12.4969053461132,43.22,NaN,0,0.53,1,0.000416125912359476,0.959777398208254
square,3.90268116071149,0.23777336556933,1.74392404255029,8,0,0,0,2500,3.59747646632438,12051.5461621867,95.1757035795389,0.260888770754305,16.7400498242851,33.5,NaN,0,4.11,1,0.000364250811698606,0.967697633323496
triangle,4.43009002659235,0.23777336556933,1.74392404255029,8,0,0,1,2500,1.92380503938705,8035.73364951969,114.477166566731,0.299818553235917,13.320678414135,41.77,NaN,0,0.58,1,0.000461334997026524,0.959829614297633
triangle,3.27552578503903,6.40753847559277,8.65525414861871,8,0,0,0,2500,13.9250060695413,7839.77841715178,122.619494940062,0.232778294695347,38.123745780045,5.63,NaN,0,0.9,1,0.000149134765377199,0.994041090162111
triangle,3.27720343148472,6.40753847559277,8.65525414861871,8,0,0,1,2500,14.2863839587969,8228.95716026703,122.872790006851,0.240046854923334,38.5990540594771,5.76,NaN,0,0.81,1,0.000138645644500331,0.994028716771573
square,4.00756157155231,11.8307840022747,14.0337977233055,8,0,0,0,2500,31.375685019513,16032.9750449711,113.969973292396,5.27256516926193,46.2320607397037,5.11,NaN,0,3.44,1,0.000463147580216421,0.99509296767301
square,4.75409744677009,11.8307840022747,14.0337977233055,8,0,0,1,2500,29.8005598498983,15645.2939211966,113.664188359197,4.81868801448491,45.2898732498133,5.25,NaN,0,3.51,1,0.000367686707977493,0.995093228729219
triangle,3.08459559582909,0,0,1,0,0,0,5500,7.06447358683451,64124.2267476968,140.465870505869,1.80818032442981,26.0211066951943,90.77,NaN,0,42.02,3,0.000356714320209978,0.941877434804099
triangle,3.37841368624475,0,0,1,0,0,1,5500,8.91415253974057,62434.724388343,139.984536228586,2.03911889242832,29.8682178833108,70.04,NaN,0,35.8,3,0.000462843323625001,0.954416239993378
triangle,3.72204409838932,2.93219807339459,3.37556208202558,1,0,0,0,5500,6.50266406100447,59330.3068926048,140.876515670409,1.35164910789234,24.9631473611642,91.24,NaN,0,36.57,3,0.000379613067037398,0.940800043983492
square,4.62230177020057,2.93219807339459,3.37556208202558,1,0,0,1,5500,4.81032872205027,42494.443930592,127.71249709451,0.956092327989949,18.8921154622595,88.34,NaN,0,18.05,2,0.000400553166859559,0.939565282023381
square,4.30269906483071,5.4193675414145,9.87400833592445,1,0,0,0,5500,317.240826147807,11059966.921991,852.379331837071,96.5219950810828,300.939807463733,348.63,NaN,0,343.52,1,0.000174777685242554,0.807061852166296
square,3.80698228624918,5.4193675414145,9.87400833592445,1,0,0,1,5500,212.70398119064,8381174.9708548,459.504406474159,163.47006707411,149.737040037926,394.03,NaN,0,388.36,1,7.31429507548498e-05,0.784941874648428
square,3.66333047748526,11.3421941069864,11.289230850563,1,0,0,0,5500,1215.3946528061,49766764.8484514,3524.53223955436,389.429412072969,1195.79339956067,409.47,NaN,0,406.15,1,0.00154755976584984,0.775810188529519
square,3.69601531943223,11.3421941069864,11.289230850563,1,0,0,1,5500,1058.58231326705,42964680.3485697,2942.54273702682,458.687207448962,980.184095851349,405.87,NaN,0,401.96,1,0.00106306743112627,0.776620187260864
square,4.86008125221498,0,0,2,0,0,0,1000,1.03888588128036,9827.86043691222,1.91235892612448,1.14548653216746,0.514607475171261,NaN,94.59,1,0,0,0.00101226169051783,0.901587035567382
square,3.0948029240583,0,0,2,0,0,1,1000,1.3893608539589,19363.5222216251,2.7199194149236,1.47506880775752,0.740815953857576,NaN,139.36,1,29.47,2,0.0004430083883884,0.858157506519095
triangle,4.08981179648934,3.67983079440082,3.97341078666903,2,0,0,0,1000,1.00354905203699,10818.2587809587,2.34466362069494,0.860769041529991,0.670726062597258,NaN,107.79,1,14.19,1,0.000778286594589662,0.889626496628032
square,4.7872653918672,3.67983079440082,3.97341078666903,2,0,0,1,1000,0.884758748360295,8459.17839307278,1.98242792862939,0.967143418306037,0.49968839275144,NaN,95.6,1,0,0,0.00097817309315266,0.901359835884134
triangle,3.3909535272676,6.51830689858508,5.23095778165774,2,0,0,0,1000,0.983276184739284,12658.6976023335,2.31587082231048,0.829071625678251,0.673064247857514,NaN,128.73,1,16.86,1,0.000534723205717792,0.869410617342563
triangle,4.44350654699859,6.51830689858508,5.23095778165774,2,0,0,1,1000,0.780753314981883,7941.82271999571,1.9999981281705,0.669854597022535,0.53426429513192,NaN,101.71,1,0,0,0.000886986280692259,0.895248409545244
triangle,4.84548914037818,12.9121648224371,10.3534216769332,2,0,0,0,1000,1.88678978696233,17166.0134817833,25.5994749689066,0.493561441993967,3.61080032187963,90.98,NaN,0,25.18,2,0.00068516279782116,0.898616529371906
triangle,3.57189371284073,12.9121648224371,10.3534216769332,2,0,0,1,1000,2.93901220753351,22739.1374496867,103.941958020213,0.727766499111923,14.735527325088,77.37,NaN,0,3.17,2,0.000226612621412844,0.914416900408062
square,4.67793919466,0,0,3,0,0,0,2500,1.08673856985102,10225.1232037283,2.13193786558396,0.930833364191229,0.645204516262312,94.09,NaN,0,9.49,1,0.000980387013810147,0.910998779825024
triangle,3.94124943121308,0,0,3,0,0,1,2500,1.35866376435151,14681.7206375824,2.17288303432329,1.5071838184932,0.60493961004001,NaN,108.05,1,20.07,3,0.000761389583581878,0.900468965723585
triangle,4.00777554692098,1.34545771765499,3.74509233820973,3,0,0,0,2500,1.69565256024101,18311.3519980426,2.42500945493703,1.93739033310684,0.626874175851577,NaN,107.98,1,49.01,3,0.000768765633672021,0.89999842381952
square,3.61549116406188,1.34545771765499,3.74509233820973,3,0,0,1,2500,1.29985602215364,15450.0886793182,2.62205838883955,1.34497477131175,0.754864099582416,118.86,NaN,0,23.8,1,0.000601146913989397,0.890894100560765
triangle,4.57622685679709,7.37786466898782,6.81229640409373,3,0,0,0,2500,30.2224662382767,162717.758226882,187.052462553227,2.88724422227446,56.420945002841,53.84,NaN,0,39.11,2,0.00214084243063651,0.941463842337522
square,4.33702442850709,7.37786466898782,6.81229640409373,3,0,0,1,2500,38.8428550176436,163955.691029473,218.884083556697,2.21148968977391,63.1944633083094,42.21,NaN,0,25.53,2,0.0028591351605665,0.948427472900762
triangle,3.60163803613898,10.1077794360175,12.7992035293625,3,0,0,0,2500,44.0266018000086,62517.7745560122,140.915460466925,42.8341833755802,35.7342622816295,14.2,NaN,0,11.75,1,0.00523391550281544,0.981448924118459
square,4.96180727209372,10.1077794360175,12.7992035293625,3,0,0,1,2500,5.76671115287441,48584.5414629669,128.521611829467,2.88656199858293,16.886399860824,84.25,NaN,0,56.37,2,0.000381612873086664,0.917086988335287
triangle,4.19505315363566,0,0,4,0,0,0,5500,4.38055523305616,28092.5007095891,99.7264529779196,1.38169505399248,15.8427334601843,64.13,NaN,0,21.64,2,0.000761363306927658,0.958990634923875
triangle,4.88746308239158,0,0,4,0,0,1,5500,4.23468798432476,23070.5801386013,100.998842788435,1.28018835947381,15.823591993957,54.48,NaN,0,13.44,2,0.000866631242614874,0.963129955924244
square,3.05171494216628,3.64193412297178,2.88379148929005,4,0,0,0,5500,2.02780230495956,56579.7399129816,12.1368930005338,1.69558631775812,1.70366745089033,279.02,NaN,0,125.91,2,0.000217675499312484,0.846893237159483
triangle,4.29260391470131,3.64193412297178,2.88379148929005,4,0,0,1,5500,5.1846260464747,41243.7001997063,96.9325779403202,1.38899519083155,17.9601172052259,79.55,NaN,0,23.34,2,0.000632481344241447,0.947998088932069
triangle,4.65906564905303,6.86156330389756,9.68567333170781,4,0,0,0,5500,22.226226288749,308122.175040928,97.1252509091236,21.5112435778341,25.3150321571238,138.63,NaN,0,100.53,1,0.000127942515855377,0.920110401916451
triangle,3.74506847979908,6.86156330389756,9.68567333170781,4,0,0,1,5500,9.64504267821872,165036.325267,59.34106264675,4.83012808103414,14.4393237006225,171.11,NaN,0,133.36,2,0.000128771543178318,0.900480005701946
square,4.33692854872275,14.3627628232378,14.6675080425355,4,0,0,0,5500,771.615406907773,26687862.0787192,2317.5754826666,96.3834487386056,820.041350810201,345.87,NaN,0,337.95,1,0.0011357369496551,0.805467841377665
square,4.30770118412518,14.3627628232378,14.6675080425355,4,0,0,1,5500,582.854627728692,20296746.7013963,1667.61682967087,101.60712084283,594.878638721964,348.23,NaN,0,339.53,1,0.000664184863786645,0.800194814860695
triangle,4.86745131909186,0,0,5,0,0,0,1000,1.50372385881009,10524.5632878118,3.38323387444756,0.945460505465887,1.12714297341354,69.99,NaN,0,23.12,1,0.000827993766520348,0.927997232585397
triangle,3.96909654366998,0,0,5,0,0,1,1000,1.71591143922527,14005.2691669567,3.89088867832939,1.19247415057275,1.22578237150833,81.62,NaN,0,28.13,1,0.000575100429475288,0.915432079951855
triangle,4.97594940246166,2.08523726871383,4.85892996494647,5,0,0,0,1000,2.17986061025271,15793.0901212809,4.84747234348506,1.69716963952194,1.47041924222885,72.45,NaN,0,26.36,2,0.000813116965797739,0.925140364617587
square,3.77776755182486,2.08523726871383,4.85892996494647,5,0,0,1,1000,1.86595288615848,18040.0325033802,3.39471240145764,1.82686091757247,0.851654784357114,96.68,NaN,0,43.16,3,0.000567424500328272,0.899933646869222
triangle,4.7656752111661,6.2334359881904,8.92211546512089,5,0,0,0,1000,5.21324026957866,59754.1599699106,16.6557303617431,3.71181369965736,4.56056440813781,114.62,NaN,0,87.3,3,0.000390685418875367,0.884019104000681
triangle,4.11656984724455,6.2334359881904,8.92211546512089,5,0,0,1,1000,4.09733902013738,51786.2678755164,10.7976064450761,3.47670206923026,2.77631377295029,126.39,NaN,0,86.31,2,0.000365911160737213,0.87213114155646
square,3.90078716130423,10.7443836016877,14.4985674226787,5,0,0,0,1000,270.203223632704,10390664.9647956,593.103255564754,244.595923137654,159.317531227871,384.55,NaN,0,382.76,1,2.10377668941624e-05,0.606618322223205
triangle,4.79930198101816,10.7443836016877,14.4985674226787,5,0,0,1,1000,152.974335983441,2988353.65343652,283.436105164255,166.662258265609,81.7350328747714,195.35,NaN,0,193.51,1,0.000169154867635151,0.799767722357403
triangle,4.34645197290452,0,0,6,0,0,0,2500,3.05653609830085,12654.0594469655,103.939134648358,1.24498657024622,13.8943959347568,41.4,NaN,0,1.23,2,0.000607009440725496,0.959399708329163
square,3.24562998779905,0,0,6,0,0,1,2500,1.24019986058725,15904.3230121709,2.26418038748059,1.32495068883411,0.654811104401098,128.24,NaN,0,20.38,1,0.000504042572962321,0.881624159130551
triangle,3.56676876325787,1.37643475657845,3.58334870319571,6,0,0,0,2500,3.36271965381928,16766.5201939429,106.545317937462,1.91368189299275,13.0288095541005,49.86,NaN,0,23.32,3,0.000403950105733845,0.953285580049636
square,4.65315778462712,1.37643475657845,3.58334870319571,6,0,0,1,2500,1.16319053733076,11159.6500151514,2.20090619426577,1.19561209751784,0.633094846314965,95.94,NaN,0,13.63,1,0.000952698700413622,0.909464656768434
triangle,4.66873800219988,7.48951471482093,8.47402596336247,6,0,0,0,2500,24.1798029161252,171870.039127818,117.388747504309,15.1779021230066,24.7879784622579,71.08,NaN,0,62.34,1,0.000796121245303215,0.931835948263653
square,4.14947432171282,7.48951471482093,8.47402596336247,6,0,0,1,2500,43.8282786149889,699893.781202758,134.81572938406,4.94025855851751,51.846550419723,159.69,NaN,0,150.14,1,0.00104608183600864,0.851289661694695
triangle,4.76881009055199,12.2821230042587,13.5689779161657,6,0,0,0,2500,81.6669065221507,1097848.22437727,150.135673932517,111.130190078596,52.8533741809289,134.43,NaN,0,131.85,1,9.40685830923562e-05,0.86914310462939
triangle,3.03722554945277,12.2821230042587,13.5689779161657,6,0,0,1,2500,122.4756278967,2562190.13559897,218.344215548002,131.533917824815,70.7388584544318,209.2,NaN,0,206.42,1,0.000147201063964731,0.801431795135494
triangle,3.23407363901132,0,0,7,0,0,0,5500,3.31090957196539,54653.1843044327,8.18014081661296,2.48040491724778,2.36329885032582,NaN,165.06,1,94.89,2,0.000415019839604903,0.909436640816567
square,3.64971087726102,0,0,7,0,0,1,5500,2.54204625502957,41564.9983159885,6.06213012140464,2.05180681580285,1.51431663473103,163.51,NaN,0,87.39,6,0.000391705679010684,0.907705033076518
triangle,4.09310758616592,1.7135661056164,1.87846070004794,7,0,0,0,5500,43.7673682299177,38690.3535152472,123.467549134992,15.2796801322866,52.4376562526907,8.84,NaN,0,7.75,1,0.00134598330186046,0.985706018989953
square,3.791644457248,1.7135661056164,1.87846070004794,7,0,0,1,5500,6.25176197166704,67531.5328179474,118.059665745078,0.755144195094093,21.9102863543799,108.02,NaN,0,15.16,1,0.000182515502781299,0.930781549072319
triangle,4.90183039652992,7.57683609605786,8.28765271047956,7,0,0,0,5500,83.7651005318482,1602175.07787266,147.375362335753,103.539223339456,41.9789604366211,191.27,NaN,0,189.24,1,0.000269464464733137,0.896633753157431
triangle,3.80015949072467,7.57683609605786,8.28765271047956,7,0,0,1,5500,120.9629368102,2984276.61404444,206.783390308009,124.711527006443,65.2189696446009,246.71,NaN,0,244.63,1,0.000203407328918188,0.864279421310456
square,3.16849410462932,10.6716917086435,10.3023338596991,7,0,0,0,5500,270.592076036413,12810640.6557919,1046.14581867204,34.1331562722387,364.599120019562,473.43,NaN,0,471.45,1,0.000209679965979913,0.743303447350737
square,3.6484398405881,10.6716917086435,10.3023338596991,7,0,0,1,5500,248.369183180421,10211698.966463,934.903031243935,38.5151594705413,331.017465923603,411.15,NaN,0,409.1,1,0.000295356795775488,0.776609366491068
square,3.19074538525564,0,0,8,0,0,0,1000,2.9542746957618,12449.3135679402,94.8528127423111,0.780605255487108,13.797336611689,42.14,NaN,0,3.54,1,0.000231803414152422,0.956219721901989
triangle,4.26228241402991,0,0,8,0,0,1,1000,1.98288022424283,9091.50582815337,114.35479010729,0.795570475582879,11.7796162526271,45.85,NaN,0,0.5,1,0.000400978388923543,0.952942497413151
triangle,4.9937004291499,4.87110815619357,2.85419213736092,8,0,0,0,1000,1.68162742073684,7986.04862107927,113.495642733413,0.45883428474996,11.4023699706132,47.49,NaN,0,1.91,1,0.000435070288885692,0.951305869554093
square,4.03091690968065,4.87110815619357,2.85419213736092,8,0,0,1,1000,2.97242392619663,11604.3430078716,93.3662528722408,0.420338047822993,14.5054230709106,39.04,NaN,0,4.05,1,0.000317637661292341,0.959419818918972
triangle,3.14207416782591,7.15000899196698,7.45903126801872,8,0,0,0,1000,1.86579459906749,13441.1842916822,107.49538693561,1.19739920760197,8.62988354172178,72.04,NaN,0,1.14,1,0.000160184673165169,0.926732760316594
square,3.12926718210174,7.15000899196698,7.45903126801872,8,0,0,1,1000,3.64098761677049,11840.4917297376,101.913199942725,0.72430732795757,14.8446910891437,32.52,NaN,0,1.62,1,0.000189144572917529,0.966374391037798
triangle,4.22694976341052,14.1331475330945,11.9726734211652,8,0,0,0,1000,20.4363328822303,8685.44147494786,137.857676714107,2.53829720368114,45.1756752166088,4.25,NaN,0,2.33,1,0.000663949248007291,0.995092643004643
triangle,4.77247007812521,14.1331475330945,11.9726734211652,8,0,0,1,1000,19.8873529932546,8849.87208199831,137.595813109471,2.56821053480239,44.5531529164821,4.45,NaN,0,2.45,1,0.000523445521732071,0.995092729767081
